ArtistKey,AliasName,AliasType,AliasLocale,AliasPrimary,AliasBeginDate,AliasEndDate,datestamp
e2bd25ef-41c4-440a-b4e4-e7bcec4a3e39,100 Proof Aged in Soul,,,,,,2021-09-02 15:32:11.145718
f37c537b-3557-4031-bfd6-ab63ced32854,Ten CC,,,,,,2021-09-02 15:32:11.145718
f37c537b-3557-4031-bfd6-ab63ced32854,10 CC,,,,,,2021-09-02 15:32:11.145718
9132d515-dc0e-4494-85ae-20f06eed14f9,One Twelve,,,,,,2021-09-02 15:32:11.145718
515b236c-cce1-4dc2-aedd-50de7b1736e2,2Unlimited,,,,,,2021-09-02 15:32:11.145718
515b236c-cce1-4dc2-aedd-50de7b1736e2,Two Unlimited,,,,,,2021-09-02 15:32:11.145718
515b236c-cce1-4dc2-aedd-50de7b1736e2,Unlimited,,,,,,2021-09-02 15:32:11.145718
605e3f29-a8a4-4880-bddd-b9abd73b1ac1,5 Star,,,,,,2021-09-02 15:32:11.145718
8e68819d-71be-4e7d-b41d-f1df81b01d3f,Fifty Cent,Search hint,,,,,2021-09-02 15:32:11.145718
8e68819d-71be-4e7d-b41d-f1df81b01d3f,Curtis Jackson III,Search hint,,,,,2021-09-02 15:32:11.145718
8e68819d-71be-4e7d-b41d-f1df81b01d3f,Curtis James Jackson III,Legal name,,,,,2021-09-02 15:32:11.145718
8e68819d-71be-4e7d-b41d-f1df81b01d3f,Curtis Jackson,Search hint,,,,,2021-09-02 15:32:11.145718
8e68819d-71be-4e7d-b41d-f1df81b01d3f,50 Cents,Search hint,,,,,2021-09-02 15:32:11.145718
8e68819d-71be-4e7d-b41d-f1df81b01d3f,C. Jackson,Search hint,,,,,2021-09-02 15:32:11.145718
8e68819d-71be-4e7d-b41d-f1df81b01d3f,50 Cent,Artist name,en,primary,,,2021-09-02 15:32:11.145718
241a85e3-da78-437e-a511-c18c14792ccc,Ace Flash and the Dynamos,Search hint,,,,,2021-09-02 15:32:11.145718
cc2c9c3c-b7bc-4b8b-84d8-4fbd8779e493,Adele Adkins,Artist name,,,,,2021-09-02 15:32:11.145718
cc2c9c3c-b7bc-4b8b-84d8-4fbd8779e493,Adele,,en_GB,,,,2021-09-02 15:32:11.145718
cc2c9c3c-b7bc-4b8b-84d8-4fbd8779e493,アデル,Artist name,ja,primary,,,2021-09-02 15:32:11.145718
cc2c9c3c-b7bc-4b8b-84d8-4fbd8779e493,Adele Laurie Blue Adkins,Legal name,,,,,2021-09-02 15:32:11.145718
cc2c9c3c-b7bc-4b8b-84d8-4fbd8779e493,阿黛尔,Artist name,zh_Hans,primary,,,2021-09-02 15:32:11.145718
ee58c59f-8e7f-4430-b8ca-236c4d3745ae,Vincent Damon Furnier,Legal name,,,1948-02-04,1974,2021-09-02 15:32:11.145718
ee58c59f-8e7f-4430-b8ca-236c4d3745ae,Alice Cooper,Legal name,,,1974,,2021-09-02 15:32:11.145718
ee58c59f-8e7f-4430-b8ca-236c4d3745ae,アリス・クーパー,Artist name,ja,,,,2021-09-02 15:32:11.145718
8ef1df30-ae4f-4dbd-9351-1a32b208a01e,アリシア・キーズ,,,,,,2021-09-02 15:32:11.145718
8ef1df30-ae4f-4dbd-9351-1a32b208a01e,Alicia Keyes,Search hint,,,,,2021-09-02 15:32:11.145718
8ef1df30-ae4f-4dbd-9351-1a32b208a01e,Alica Keys,Search hint,,,,,2021-09-02 15:32:11.145718
8ef1df30-ae4f-4dbd-9351-1a32b208a01e,Alicia Augello Cook,Legal name,,,,,2021-09-02 15:32:11.145718
f4fdbb4c-e4b7-47a0-b83b-d91bbfcfa387,Ariana Grande-Butera,Legal name,,,,,2021-09-02 15:32:11.145718
f4fdbb4c-e4b7-47a0-b83b-d91bbfcfa387,アリアナ・グランデ,,ja,,,,2021-09-02 15:32:11.145718
906cbb69-b793-463a-832d-b5bf850f01a2,Athelete,,,,,,2021-09-02 15:32:11.145718
add5f522-25df-41c4-815e-0ca9f60b83e4,Amanda Ava Koci,Legal name,,,,,2021-09-02 15:32:11.145718
1ba601a0-3401-4b28-8ddd-9af8203661e8,Lightning Seeds,Artist name,en,,,,2021-09-02 15:32:11.145718
1ba601a0-3401-4b28-8ddd-9af8203661e8,Lightening Seeds,Search hint,,,,,2021-09-02 15:32:11.145718
4f69a7a1-a499-48f7-b0f4-d9bf2270cbd8,Baddiel,,,,,,2021-09-02 15:32:11.145718
b10bbbfc-cf9e-42e0-be17-e2c3e1d2600d,披頭四樂隊,,zh_Hant,,,,2021-09-02 15:32:11.145718
b10bbbfc-cf9e-42e0-be17-e2c3e1d2600d,披頭四樂團,,zh_Hant,,,,2021-09-02 15:32:11.145718
b10bbbfc-cf9e-42e0-be17-e2c3e1d2600d,披头士乐队,,zh_Hans,,,,2021-09-02 15:32:11.145718
b10bbbfc-cf9e-42e0-be17-e2c3e1d2600d,披头士,Artist name,zh_Hans,primary,,,2021-09-02 15:32:11.145718
b10bbbfc-cf9e-42e0-be17-e2c3e1d2600d,披頭四,Artist name,zh_Hant,primary,,,2021-09-02 15:32:11.145718
b10bbbfc-cf9e-42e0-be17-e2c3e1d2600d,The Silver Beatles,Artist name,en,,,,2021-09-02 15:32:11.145718
b10bbbfc-cf9e-42e0-be17-e2c3e1d2600d,I Beatles,Artist name,it,,,,2021-09-02 15:32:11.145718
b10bbbfc-cf9e-42e0-be17-e2c3e1d2600d,Die Beatles,Artist name,de,,,,2021-09-02 15:32:11.145718
b10bbbfc-cf9e-42e0-be17-e2c3e1d2600d,ბითლზი,Artist name,ka,,,,2021-09-02 15:32:11.145718
b10bbbfc-cf9e-42e0-be17-e2c3e1d2600d,بیٹلز,Artist name,ur,,,,2021-09-02 15:32:11.145718
b10bbbfc-cf9e-42e0-be17-e2c3e1d2600d,เดอะบีเทิลส์,Artist name,th,,,,2021-09-02 15:32:11.145718
b10bbbfc-cf9e-42e0-be17-e2c3e1d2600d,ద బీటిల్స్,Artist name,te,,,,2021-09-02 15:32:11.145718
b10bbbfc-cf9e-42e0-be17-e2c3e1d2600d,பீட்டில்ஸ்,Artist name,ta,,,,2021-09-02 15:32:11.145718
b10bbbfc-cf9e-42e0-be17-e2c3e1d2600d,ਦ ਬੀਟਲਜ਼,Artist name,pa,,,,2021-09-02 15:32:11.145718
b10bbbfc-cf9e-42e0-be17-e2c3e1d2600d,Битлси,Artist name,mk,,,,2021-09-02 15:32:11.145718
b10bbbfc-cf9e-42e0-be17-e2c3e1d2600d,ദി ബീറ്റിൽസ്,Artist name,ml,,,,2021-09-02 15:32:11.145718
b10bbbfc-cf9e-42e0-be17-e2c3e1d2600d,ದಿ ಬೀಟಲ್ಸ್,Artist name,kn,,,,2021-09-02 15:32:11.145718
b10bbbfc-cf9e-42e0-be17-e2c3e1d2600d,Bítlarnir,Artist name,is,,,,2021-09-02 15:32:11.145718
b10bbbfc-cf9e-42e0-be17-e2c3e1d2600d,द बीटल्स,Artist name,hi,,,,2021-09-02 15:32:11.145718
b10bbbfc-cf9e-42e0-be17-e2c3e1d2600d,더 비틀즈,Artist name,ko,primary,,,2021-09-02 15:32:11.145718
b10bbbfc-cf9e-42e0-be17-e2c3e1d2600d,הביטלס,Artist name,he,,,,2021-09-02 15:32:11.145718
b10bbbfc-cf9e-42e0-be17-e2c3e1d2600d,ધ બિટલ્સ,Artist name,gu,,,,2021-09-02 15:32:11.145718
b10bbbfc-cf9e-42e0-be17-e2c3e1d2600d,بیتلز,Artist name,fa,,,,2021-09-02 15:32:11.145718
b10bbbfc-cf9e-42e0-be17-e2c3e1d2600d,দ্য বিটল্‌স,Artist name,bn,,,,2021-09-02 15:32:11.145718
b10bbbfc-cf9e-42e0-be17-e2c3e1d2600d,البيتلز,Artist name,ar,,,,2021-09-02 15:32:11.145718
b10bbbfc-cf9e-42e0-be17-e2c3e1d2600d,Los Beatles,Artist name,es,primary,,,2021-09-02 15:32:11.145718
b10bbbfc-cf9e-42e0-be17-e2c3e1d2600d,ዘ ቢተልስ,Artist name,am,,,,2021-09-02 15:32:11.145718
b10bbbfc-cf9e-42e0-be17-e2c3e1d2600d,ザ・ビートルズ,Artist name,ja,,,,2021-09-02 15:32:11.145718
b10bbbfc-cf9e-42e0-be17-e2c3e1d2600d,Les Beatles,Artist name,fr,,,,2021-09-02 15:32:11.145718
b10bbbfc-cf9e-42e0-be17-e2c3e1d2600d,B,Search hint,,,,,2021-09-02 15:32:11.145718
b10bbbfc-cf9e-42e0-be17-e2c3e1d2600d,Битлз,Artist name,ru,primary,,,2021-09-02 15:32:11.145718
b10bbbfc-cf9e-42e0-be17-e2c3e1d2600d,fab four,Search hint,,,,,2021-09-02 15:32:11.145718
b10bbbfc-cf9e-42e0-be17-e2c3e1d2600d,The Beatles,Artist name,en,primary,,,2021-09-02 15:32:11.145718
b10bbbfc-cf9e-42e0-be17-e2c3e1d2600d,Beetles,Search hint,,,,,2021-09-02 15:32:11.145718
b10bbbfc-cf9e-42e0-be17-e2c3e1d2600d,Be,Search hint,,,,,2021-09-02 15:32:11.145718
b10bbbfc-cf9e-42e0-be17-e2c3e1d2600d,Beat,Search hint,,,,,2021-09-02 15:32:11.145718
b10bbbfc-cf9e-42e0-be17-e2c3e1d2600d,Beatles,Artist name,en,,,,2021-09-02 15:32:11.145718
b10bbbfc-cf9e-42e0-be17-e2c3e1d2600d,The Savage Young Beatles,,,,,,2021-09-02 15:32:11.145718
47c8f88b-987a-4b64-9175-2b1b57809727,Bily Idol,,,,,,2021-09-02 15:32:11.145718
47c8f88b-987a-4b64-9175-2b1b57809727,B.Idol,,,,,,2021-09-02 15:32:11.145718
47c8f88b-987a-4b64-9175-2b1b57809727,ビリー・アイドル,,,,,,2021-09-02 15:32:11.145718
47c8f88b-987a-4b64-9175-2b1b57809727,William Broad,,,,,,2021-09-02 15:32:11.145718
47c8f88b-987a-4b64-9175-2b1b57809727,William Michael Albert Broad,,,,,,2021-09-02 15:32:11.145718
8c538f11-c141-4588-8ecb-931083524186,Block Party,,,,,,2021-09-02 15:32:11.145718
7ec554d3-ec3b-4ed8-b107-2f2e34f04301,Sofiane Boussaadia,Legal name,,,,,2021-09-02 15:32:11.145718
b42eca0f-9381-43db-badb-1cba080a7dc2,Boys To Men,,,,,,2021-09-02 15:32:11.145718
b42eca0f-9381-43db-badb-1cba080a7dc2,Boyz II Me,,,,,,2021-09-02 15:32:11.145718
b42eca0f-9381-43db-badb-1cba080a7dc2,Boys II Men,,,,,,2021-09-02 15:32:11.145718
b42eca0f-9381-43db-badb-1cba080a7dc2,COOLEYHIGHHARMONY,,,,,,2021-09-02 15:32:11.145718
b42eca0f-9381-43db-badb-1cba080a7dc2,Boyz 2 Men,,,,,,2021-09-02 15:32:11.145718
9b8d6e2c-2b4e-4924-82ae-226b4e701f6b,Brand New Heavies,,,,,,2021-09-02 15:32:11.145718
3fbbb18b-e4aa-47e0-9135-84f02298519b,The Captain,,,,,,2021-09-02 15:32:11.145718
847e8a0c-cc20-4213-9e16-975515c2a926,セリーヌ・ディオン,Artist name,ja,,,,2021-09-02 15:32:11.145718
847e8a0c-cc20-4213-9e16-975515c2a926,Céline Dion,Artist name,fr,primary,,,2021-09-02 15:32:11.145718
847e8a0c-cc20-4213-9e16-975515c2a926,Celine Dion,Artist name,en,primary,,,2021-09-02 15:32:11.145718
847e8a0c-cc20-4213-9e16-975515c2a926,Celline Dion,,,,,,2021-09-02 15:32:11.145718
847e8a0c-cc20-4213-9e16-975515c2a926,"Dion, Celin",,,,,,2021-09-02 15:32:11.145718
847e8a0c-cc20-4213-9e16-975515c2a926,"Dion, Celine",,,,,,2021-09-02 15:32:11.145718
847e8a0c-cc20-4213-9e16-975515c2a926,Dion Celine,,,,,,2021-09-02 15:32:11.145718
847e8a0c-cc20-4213-9e16-975515c2a926,Céline Marie Claudette Dion,Legal name,,,,,2021-09-02 15:32:11.145718
3f5be744-e867-42fb-8913-5fd69e4099b5,Chicago Transit Authority,,,,,,2021-09-02 15:32:11.145718
3f5be744-e867-42fb-8913-5fd69e4099b5,The Big Thing,,,,,,2021-09-02 15:32:11.145718
3f5be744-e867-42fb-8913-5fd69e4099b5,Chigaco,,,,,,2021-09-02 15:32:11.145718
c707b37e-cb5c-4694-be4d-46beefcb2475,Chris Reynolds,,,,,,2021-09-02 15:32:11.145718
c707b37e-cb5c-4694-be4d-46beefcb2475,"Rea, Chris",,,,,,2021-09-02 15:32:11.145718
c707b37e-cb5c-4694-be4d-46beefcb2475,Christopher Anton Rea,Legal name,,,,,2021-09-02 15:32:11.145718
b202beb7-99bd-47e7-8b72-195c8d72ebdd,Christina Aquilera,Search hint,,,,,2021-09-02 15:32:11.145718
b202beb7-99bd-47e7-8b72-195c8d72ebdd,Christina María Aguilera,Legal name,,,,,2021-09-02 15:32:11.145718
b202beb7-99bd-47e7-8b72-195c8d72ebdd,Chistina Aguilera,Search hint,,,,,2021-09-02 15:32:11.145718
b202beb7-99bd-47e7-8b72-195c8d72ebdd,Christiana Aguilera,Search hint,,,,,2021-09-02 15:32:11.145718
b202beb7-99bd-47e7-8b72-195c8d72ebdd,Christina Aguillera,Search hint,,,,,2021-09-02 15:32:11.145718
b202beb7-99bd-47e7-8b72-195c8d72ebdd,Christina Aguliera,Search hint,,,,,2021-09-02 15:32:11.145718
b202beb7-99bd-47e7-8b72-195c8d72ebdd,Christine Aguilera,Search hint,,,,,2021-09-02 15:32:11.145718
b202beb7-99bd-47e7-8b72-195c8d72ebdd,Cristina Aguilera,Search hint,,,,,2021-09-02 15:32:11.145718
b202beb7-99bd-47e7-8b72-195c8d72ebdd,Christina Auguilera,Search hint,,,,,2021-09-02 15:32:11.145718
b202beb7-99bd-47e7-8b72-195c8d72ebdd,Chrsitna Aguilera,Search hint,,,,,2021-09-02 15:32:11.145718
b202beb7-99bd-47e7-8b72-195c8d72ebdd,Christina Augilera,Search hint,,,,,2021-09-02 15:32:11.145718
e24a10ec-55b4-408e-858a-3d348e5fa47c,Clousseau,,,,,,2021-09-02 15:32:11.145718
acf6c776-d0f6-4239-b5a2-a45a613ffa52,ザ・コアーズ,Artist name,ja_JP,primary,,,2021-09-02 15:32:11.145718
acf6c776-d0f6-4239-b5a2-a45a613ffa52,The Corrrs,,,,,,2021-09-02 15:32:11.145718
acf6c776-d0f6-4239-b5a2-a45a613ffa52,The Coors,,,,,,2021-09-02 15:32:11.145718
acf6c776-d0f6-4239-b5a2-a45a613ffa52,Corrs,,,,,,2021-09-02 15:32:11.145718
f93bac9e-b20a-403e-abc9-06a2fc151df1,David Orobosa Omoregie,Legal name,,,,,2021-09-02 15:32:11.145718
f93bac9e-b20a-403e-abc9-06a2fc151df1,David Omoregie,,,,,,2021-09-02 15:32:11.145718
f93bac9e-b20a-403e-abc9-06a2fc151df1,Santan Dave,Search hint,,,,,2021-09-02 15:32:11.145718
302bd7b9-d012-4360-897a-93b00c855680,Pierre David Guetta,Legal name,,,,,2021-09-02 15:32:11.145718
302bd7b9-d012-4360-897a-93b00c855680,David Ghetta,,,,,,2021-09-02 15:32:11.145718
302bd7b9-d012-4360-897a-93b00c855680,Davie Guetta,,,,,,2021-09-02 15:32:11.145718
302bd7b9-d012-4360-897a-93b00c855680,David Guette,,,,,,2021-09-02 15:32:11.145718
98720123-fcec-47be-9e88-29a310fb2942,Dead or Alive - Nukleopatra,,,,,,2021-09-02 15:32:11.145718
98720123-fcec-47be-9e88-29a310fb2942,Dead Or Alive,,,,,,2021-09-02 15:32:11.145718
b78f2e0f-1c86-45f8-a93a-c3cd87d16d72,Classics IV with Dennis Yost,,,,,,2021-09-02 15:32:11.145718
b78f2e0f-1c86-45f8-a93a-c3cd87d16d72,The Classics IV featuring Dennis Yost,,,,,,2021-09-02 15:32:11.145718
b78f2e0f-1c86-45f8-a93a-c3cd87d16d72,"Classics IV, The",,,,,,2021-09-02 15:32:11.145718
b78f2e0f-1c86-45f8-a93a-c3cd87d16d72,Clasics IV,,,,,,2021-09-02 15:32:11.145718
b78f2e0f-1c86-45f8-a93a-c3cd87d16d72,The Classics IV,,,,,,2021-09-02 15:32:11.145718
b78f2e0f-1c86-45f8-a93a-c3cd87d16d72,The Clasics IV,,,,,,2021-09-02 15:32:11.145718
b78f2e0f-1c86-45f8-a93a-c3cd87d16d72,Dennis Yost & Classics IV,,,,,,2021-09-02 15:32:11.145718
b78f2e0f-1c86-45f8-a93a-c3cd87d16d72,Dennis Yost & The Classics IV,,,,,,2021-09-02 15:32:11.145718
b78f2e0f-1c86-45f8-a93a-c3cd87d16d72,Classic IV,,,,,,2021-09-02 15:32:11.145718
b78f2e0f-1c86-45f8-a93a-c3cd87d16d72,"Classics IV,",,,,,,2021-09-02 15:32:11.145718
b78f2e0f-1c86-45f8-a93a-c3cd87d16d72,Dennis Yost & Classic IV,,,,,,2021-09-02 15:32:11.145718
b78f2e0f-1c86-45f8-a93a-c3cd87d16d72,The Classic IV,,,,,,2021-09-02 15:32:11.145718
60d41417-feda-4734-bbbf-7dcc30e08a83,Diane Earle,,,,,,2021-09-02 15:32:11.145718
60d41417-feda-4734-bbbf-7dcc30e08a83,ダイアナ・ロス,Artist name,ja,,,,2021-09-02 15:32:11.145718
60d41417-feda-4734-bbbf-7dcc30e08a83,Dianna Ross,,,,,,2021-09-02 15:32:11.145718
60d41417-feda-4734-bbbf-7dcc30e08a83,Daina Rose,,,,,,2021-09-02 15:32:11.145718
614e3804-7d34-41ba-857f-811bad7c2b7a,Dire Straits (TH),,,,,,2021-09-02 15:32:11.145718
614e3804-7d34-41ba-857f-811bad7c2b7a,Dire Straights,,,,,,2021-09-02 15:32:11.145718
77049387-0580-4a3a-a05f-d12b5d6b5042,Fresh,Artist name,,,,,2021-09-02 15:32:11.145718
d70416d3-c006-4a8b-aebd-91a4f198591f,Donnas,,,,,,2021-09-02 15:32:11.145718
d70416d3-c006-4a8b-aebd-91a4f198591f,The Donna's,,,,,,2021-09-02 15:32:11.145718
ee20d564-25ca-4ef5-aba7-93a39f78ed60,E-17,,,,,,2021-09-02 15:32:11.145718
ee20d564-25ca-4ef5-aba7-93a39f78ed60,E 17,,,,,,2021-09-02 15:32:11.145718
ee20d564-25ca-4ef5-aba7-93a39f78ed60,East Seventeen,,,,,,2021-09-02 15:32:11.145718
ee20d564-25ca-4ef5-aba7-93a39f78ed60,E17,,,,,,2021-09-02 15:32:11.145718
3db42aef-5961-4c75-8f0f-432c9db2a894,Eko,Artist name,,,,,2021-09-02 15:32:11.145718
01809552-4f87-45b0-afff-2c6f0730a3be,The King,Search hint,,,,,2021-09-02 15:32:11.145718
01809552-4f87-45b0-afff-2c6f0730a3be,Elvis Aaron Presley,Legal name,,,,,2021-09-02 15:32:11.145718
01809552-4f87-45b0-afff-2c6f0730a3be,Elvis A. Presley,,,,,,2021-09-02 15:32:11.145718
01809552-4f87-45b0-afff-2c6f0730a3be,Elvis,Artist name,en,,,,2021-09-02 15:32:11.145718
01809552-4f87-45b0-afff-2c6f0730a3be,Presley Elvis,,,,,,2021-09-02 15:32:11.145718
01809552-4f87-45b0-afff-2c6f0730a3be,The King of Rock and Roll,Search hint,,,,,2021-09-02 15:32:11.145718
01809552-4f87-45b0-afff-2c6f0730a3be,Элвис Пресли,Artist name,ru,primary,,,2021-09-02 15:32:11.145718
01809552-4f87-45b0-afff-2c6f0730a3be,Priesley,Search hint,,,,,2021-09-02 15:32:11.145718
01809552-4f87-45b0-afff-2c6f0730a3be,Elvis Presley,Artist name,en,primary,,,2021-09-02 15:32:11.145718
b95ce3ff-3d05-4e87-9e01-c97b66af13d4,Marshall Mathers,,,,,,2021-09-02 15:32:11.145718
b95ce3ff-3d05-4e87-9e01-c97b66af13d4,EminemMusic,Search hint,,,,,2021-09-02 15:32:11.145718
b95ce3ff-3d05-4e87-9e01-c97b66af13d4,Slim Shady,Artist name,,,,,2021-09-02 15:32:11.145718
b95ce3ff-3d05-4e87-9e01-c97b66af13d4,M&M,Artist name,,,,,2021-09-02 15:32:11.145718
b95ce3ff-3d05-4e87-9e01-c97b66af13d4,Em,Artist name,,,,,2021-09-02 15:32:11.145718
b95ce3ff-3d05-4e87-9e01-c97b66af13d4,Marshall Mathers III,Search hint,,,,,2021-09-02 15:32:11.145718
b95ce3ff-3d05-4e87-9e01-c97b66af13d4,Marshall B. Mathers III,Search hint,,,,,2021-09-02 15:32:11.145718
b95ce3ff-3d05-4e87-9e01-c97b66af13d4,M. Mathers,Search hint,,,,,2021-09-02 15:32:11.145718
b95ce3ff-3d05-4e87-9e01-c97b66af13d4,Marshall Bruce Mathers III,Legal name,,,,,2021-09-02 15:32:11.145718
b95ce3ff-3d05-4e87-9e01-c97b66af13d4,Ominem,,,,,,2021-09-02 15:32:11.145718
b95ce3ff-3d05-4e87-9e01-c97b66af13d4,The Real Slim Shady,,,,,,2021-09-02 15:32:11.145718
b95ce3ff-3d05-4e87-9e01-c97b66af13d4,エミネム,Artist name,ja,primary,,,2021-09-02 15:32:11.145718
b95ce3ff-3d05-4e87-9e01-c97b66af13d4,Eminem,Artist name,en,primary,,,2021-09-02 15:32:11.145718
b95ce3ff-3d05-4e87-9e01-c97b66af13d4,EMINƎM,Search hint,,,,,2021-09-02 15:32:11.145718
153f885e-ee8c-4d0d-a072-5e3ae8151a04,DJ Enrico,,,,,,2021-09-02 15:32:11.145718
e22d2f66-881e-41ca-9356-544697ee5f90,Jamesetta Rogers,Artist name,,,,,2021-09-02 15:32:11.145718
e22d2f66-881e-41ca-9356-544697ee5f90,Miss Peaches,Artist name,,,,,2021-09-02 15:32:11.145718
e22d2f66-881e-41ca-9356-544697ee5f90,Etta “Miss Peaches” James,Artist name,,,,,2021-09-02 15:32:11.145718
e22d2f66-881e-41ca-9356-544697ee5f90,E. James,,,,,,2021-09-02 15:32:11.145718
e22d2f66-881e-41ca-9356-544697ee5f90,Eita James,,,,,,2021-09-02 15:32:11.145718
e22d2f66-881e-41ca-9356-544697ee5f90,Etta Lames,,,,,,2021-09-02 15:32:11.145718
e22d2f66-881e-41ca-9356-544697ee5f90,Jamesetta Hawkins,Legal name,,,,,2021-09-02 15:32:11.145718
1ac10f5e-2079-4435-b78f-dda6ecdeba15,Evve,,,,,,2021-09-02 15:32:11.145718
1ac10f5e-2079-4435-b78f-dda6ecdeba15,Eve Jihan Jeffers-Cooper,Legal name,,,2014-06-14,,2021-09-02 15:32:11.145718
1ac10f5e-2079-4435-b78f-dda6ecdeba15,Eve of Destruction,,,,,,2021-09-02 15:32:11.145718
1ac10f5e-2079-4435-b78f-dda6ecdeba15,Eve Jihan Jeffers,Legal name,,,1978-11-10,2014-06-14,2021-09-02 15:32:11.145718
1ac10f5e-2079-4435-b78f-dda6ecdeba15,E. Jeffers,,,,,,2021-09-02 15:32:11.145718
516cef4d-0718-4007-9939-f9b38af3f784,Fall Out Boy,Artist name,en,primary,,,2021-09-02 15:32:11.145718
516cef4d-0718-4007-9939-f9b38af3f784,Fallout Boy,Artist name,en,,,,2021-09-02 15:32:11.145718
516cef4d-0718-4007-9939-f9b38af3f784,Frosty & The Nightmare Making Machine,Artist name,en,,2018-02-23,,2021-09-02 15:32:11.145718
88a4cd4e-5dee-4153-8462-0d5e43c75f47,Fedder,,,,,,2021-09-02 15:32:11.145718
1c46e82f-4764-4d82-a33b-5d5aee5e2881,Stacy Ferguson,,,,,,2021-09-02 15:32:11.145718
1c46e82f-4764-4d82-a33b-5d5aee5e2881,Stacy Ann Ferguson,Artist name,,,,,2021-09-02 15:32:11.145718
1c46e82f-4764-4d82-a33b-5d5aee5e2881,Fergie Duhamel,Artist name,,,,,2021-09-02 15:32:11.145718
23c28813-14ff-48fd-9c83-ffab31f26273,Frenchaffair,,,,,,2021-09-02 15:32:11.145718
23c28813-14ff-48fd-9c83-ffab31f26273,French Affaire,,,,,,2021-09-02 15:32:11.145718
48262e82-db9f-4a92-b650-dfef979b73ec,Nayvadius Wilburn,,,,,,2021-09-02 15:32:11.145718
48262e82-db9f-4a92-b650-dfef979b73ec,Nayvadius D. Wilburn,Legal name,,,,,2021-09-02 15:32:11.145718
48262e82-db9f-4a92-b650-dfef979b73ec,Nayvadius “Future” Cash,Artist name,,,,,2021-09-02 15:32:11.145718
48262e82-db9f-4a92-b650-dfef979b73ec,N. Cash,Artist name,,,,,2021-09-02 15:32:11.145718
48262e82-db9f-4a92-b650-dfef979b73ec,Nayvadius Cash,Artist name,,,,,2021-09-02 15:32:11.145718
48262e82-db9f-4a92-b650-dfef979b73ec,Nayvadius Demun Wilburn,Legal name,,,,,2021-09-02 15:32:11.145718
5e05d900-51e0-4dda-81e2-f4c0bd7ed5e6,Paul Francis Gadd,Legal name,,,,,2021-09-02 15:32:11.145718
5e05d900-51e0-4dda-81e2-f4c0bd7ed5e6,Garry Glitter,,,,,,2021-09-02 15:32:11.145718
6cb79cb2-9087-44d4-828b-5c6fdff2c957,Gary Newman,,,,,,2021-09-02 15:32:11.145718
6cb79cb2-9087-44d4-828b-5c6fdff2c957,Gary Numan -,,,,,,2021-09-02 15:32:11.145718
6cb79cb2-9087-44d4-828b-5c6fdff2c957,Gary Anthony James Webb,Legal name,,,,,2021-09-02 15:32:11.145718
ccb8f30e-4d71-40c4-8b1d-846dafe73e2c,G.K. Panayiotou,,,,,,2021-09-02 15:32:11.145718
ccb8f30e-4d71-40c4-8b1d-846dafe73e2c,Georgios Kyriacos Panayiotou,Legal name,,,,,2021-09-02 15:32:11.145718
ccb8f30e-4d71-40c4-8b1d-846dafe73e2c,Michael George,,,,,,2021-09-02 15:32:11.145718
ccb8f30e-4d71-40c4-8b1d-846dafe73e2c,George Micheal,,,,,,2021-09-02 15:32:11.145718
ccb8f30e-4d71-40c4-8b1d-846dafe73e2c,Georg Michael,,,,,,2021-09-02 15:32:11.145718
ccb8f30e-4d71-40c4-8b1d-846dafe73e2c,"Michael, George",,,,,,2021-09-02 15:32:11.145718
fe5fb618-2f8b-4158-92b6-464f31672bca,Jerry and the Pacemakers,Search hint,,,,,2021-09-02 15:32:11.145718
fe5fb618-2f8b-4158-92b6-464f31672bca,Gerry and the Pacemakers,Search hint,,,,,2021-09-02 15:32:11.145718
fe5fb618-2f8b-4158-92b6-464f31672bca,Gerry and the Peacemakers,Search hint,,,,,2021-09-02 15:32:11.145718
fe5fb618-2f8b-4158-92b6-464f31672bca,Gerry and de Pacemakers,Search hint,,,,,2021-09-02 15:32:11.145718
747e5054-f50b-498c-bff3-85f7313aeb80,Gine Vanelli,,,,,,2021-09-02 15:32:11.145718
747e5054-f50b-498c-bff3-85f7313aeb80,Gino Vanelli,,,,,,2021-09-02 15:32:11.145718
747e5054-f50b-498c-bff3-85f7313aeb80,Gino Vanneli,,,,,,2021-09-02 15:32:11.145718
becd8cc6-a453-4183-af88-dedaaec859a6,Gloria Stefan,,,,,,2021-09-02 15:32:11.145718
becd8cc6-a453-4183-af88-dedaaec859a6,Gloria María Milagrosa Fajardo García,Legal name,,,,,2021-09-02 15:32:11.145718
becd8cc6-a453-4183-af88-dedaaec859a6,GLORIA ESTEVAN,,,,,,2021-09-02 15:32:11.145718
becd8cc6-a453-4183-af88-dedaaec859a6,Gloria Estafan,,,,,,2021-09-02 15:32:11.145718
becd8cc6-a453-4183-af88-dedaaec859a6,Gloria Estefen,,,,,,2021-09-02 15:32:11.145718
becd8cc6-a453-4183-af88-dedaaec859a6,Gloria M. Estefan,,,,,,2021-09-02 15:32:11.145718
becd8cc6-a453-4183-af88-dedaaec859a6,Gloria Estaphan,,,,,,2021-09-02 15:32:11.145718
becd8cc6-a453-4183-af88-dedaaec859a6,Gloria Estefan et al,,,,,,2021-09-02 15:32:11.145718
75336c3d-2833-46cb-8037-b835cd7d646d,The Golden Earring,,,,,,2021-09-02 15:32:11.145718
75336c3d-2833-46cb-8037-b835cd7d646d,The Golden Earing,,,,,,2021-09-02 15:32:11.145718
75336c3d-2833-46cb-8037-b835cd7d646d,Golden Earing,,,,,,2021-09-02 15:32:11.145718
75336c3d-2833-46cb-8037-b835cd7d646d,Golden Earrings,,,,,,2021-09-02 15:32:11.145718
75336c3d-2833-46cb-8037-b835cd7d646d,Golden Ear Ring,,,,,,2021-09-02 15:32:11.145718
75336c3d-2833-46cb-8037-b835cd7d646d,The Golden Earrings,,,,,,2021-09-02 15:32:11.145718
e21857d5-3256-4547-afb3-4b6ded592596,ゴリラズ,Artist name,ja,,,,2021-09-02 15:32:11.145718
e21857d5-3256-4547-afb3-4b6ded592596,Gorilaz,,,,,,2021-09-02 15:32:11.145718
e21857d5-3256-4547-afb3-4b6ded592596,Gorrilaz,,,,,,2021-09-02 15:32:11.145718
084308bd-1654-436f-ba03-df6697104e19,Greenday,,,,,,2021-09-02 15:32:11.145718
4cf3cc48-f62d-4ff3-aa03-5e1014de16d7,Gun / Gunsight,Search hint,,,,,2021-09-02 15:32:11.145718
4cf3cc48-f62d-4ff3-aa03-5e1014de16d7,The Gun,,,,,,2021-09-02 15:32:11.145718
6508cf1d-4da2-4d71-81ec-0e072338991f,Nester Alexander Haddaway,Legal name,,,,,2021-09-02 15:32:11.145718
6508cf1d-4da2-4d71-81ec-0e072338991f,Haddaway,Artist name,,,,,2021-09-02 15:32:11.145718
6508cf1d-4da2-4d71-81ec-0e072338991f,Hadavejs,,lv,,,,2021-09-02 15:32:11.145718
01f4fb92-6bf0-4de5-83dc-3fe194e763bf,The Happy Mondays,,,,,,2021-09-02 15:32:11.145718
db76f244-049f-440e-be53-cc5f3c0cdfb6,Herb Albert,,,,,,2021-09-02 15:32:11.145718
a749130e-c2d8-4a7c-b740-908ea4574961,Hot Choclate,,,,,,2021-09-02 15:32:11.145718
a749130e-c2d8-4a7c-b740-908ea4574961,Hot Chocolate -,,,,,,2021-09-02 15:32:11.145718
a749130e-c2d8-4a7c-b740-908ea4574961,The Hot Chocolate Band,,,,,,2021-09-02 15:32:11.145718
b4691384-50c3-4afd-9988-51d3ec5db65d,Andrew Hozier-Byrne,Legal name,,,,,2021-09-02 15:32:11.145718
9fe4e32c-f2fa-4c06-877e-b827e95c587b,Ian Vah Dahl,,,,,,2021-09-02 15:32:11.145718
9fe4e32c-f2fa-4c06-877e-b827e95c587b,Ian van dahl,,,,,,2021-09-02 15:32:11.145718
9fe4e32c-f2fa-4c06-877e-b827e95c587b,Jan Van Dahl,,,,,,2021-09-02 15:32:11.145718
9fe4e32c-f2fa-4c06-877e-b827e95c587b,Ian Von Dahl,,,,,,2021-09-02 15:32:11.145718
9fe4e32c-f2fa-4c06-877e-b827e95c587b,Ivan Van Dahl,,,,,,2021-09-02 15:32:11.145718
9fe4e32c-f2fa-4c06-877e-b827e95c587b,Ian vanDahl,,,,,,2021-09-02 15:32:11.145718
9fe4e32c-f2fa-4c06-877e-b827e95c587b,Ian Val Dahl,,,,,,2021-09-02 15:32:11.145718
1c0186b4-6f73-4186-a5fb-ed997ee0b6df,Ilona,,,,,,2021-09-02 15:32:11.145718
ca891d65-d9b0-4258-89f7-e6ba29d83767,鉄の処女,,,,,,2021-09-02 15:32:11.145718
ca891d65-d9b0-4258-89f7-e6ba29d83767,Ironmaiden,,,,,,2021-09-02 15:32:11.145718
ca891d65-d9b0-4258-89f7-e6ba29d83767,Maiden,,,,,,2021-09-02 15:32:11.145718
eca85dd0-f1fb-4e83-8c47-61403f479254,Momodou Lamin Jallow,Legal name,,,,,2021-09-02 15:32:11.145718
9b64cf5d-1f4a-45b5-a84a-5109a88f178f,Jack Penate,,,,,,2021-09-02 15:32:11.145718
e5257dc5-1edd-4fca-b7e6-1158e00522c8,jackson fivve,,,,,,2021-09-02 15:32:11.145718
e5257dc5-1edd-4fca-b7e6-1158e00522c8,Michael Jackson And The Jackson 5,,,,,,2021-09-02 15:32:11.145718
e5257dc5-1edd-4fca-b7e6-1158e00522c8,The Jacksons,,,,,,2021-09-02 15:32:11.145718
e5257dc5-1edd-4fca-b7e6-1158e00522c8,Jackson Five,,,,,,2021-09-02 15:32:11.145718
e5257dc5-1edd-4fca-b7e6-1158e00522c8,The Jackson Five,,,,,,2021-09-02 15:32:11.145718
e5257dc5-1edd-4fca-b7e6-1158e00522c8,The Jackson 5,,,,,,2021-09-02 15:32:11.145718
e5257dc5-1edd-4fca-b7e6-1158e00522c8,Jackson 5 (The),,,,,,2021-09-02 15:32:11.145718
e5257dc5-1edd-4fca-b7e6-1158e00522c8,Jackson 5,,,,,,2021-09-02 15:32:11.145718
e5257dc5-1edd-4fca-b7e6-1158e00522c8,Jacksons,,,,,,2021-09-02 15:32:11.145718
56f62fe8-d3a0-46e0-b5df-a64a8b4b4274,James Andrew Arthur,Legal name,en,,,,2021-09-02 15:32:11.145718
20ff3303-4fe2-4a47-a1b6-291e26aa3438,James Brown at the Organ,,,,,,2021-09-02 15:32:11.145718
20ff3303-4fe2-4a47-a1b6-291e26aa3438,Jim Jam,,,,,,2021-09-02 15:32:11.145718
20ff3303-4fe2-4a47-a1b6-291e26aa3438,James Joseph Brown,,,,,,2021-09-02 15:32:11.145718
20ff3303-4fe2-4a47-a1b6-291e26aa3438,J. B.,,,,,,2021-09-02 15:32:11.145718
20ff3303-4fe2-4a47-a1b6-291e26aa3438,James Browm,,,,,,2021-09-02 15:32:11.145718
20ff3303-4fe2-4a47-a1b6-291e26aa3438,J.B.,,,,,,2021-09-02 15:32:11.145718
20ff3303-4fe2-4a47-a1b6-291e26aa3438,ジェームス・ブラウン,,ja,,,,2021-09-02 15:32:11.145718
20ff3303-4fe2-4a47-a1b6-291e26aa3438,J. Brown,,,,,,2021-09-02 15:32:11.145718
20ff3303-4fe2-4a47-a1b6-291e26aa3438,"Brown, James",,,,,,2021-09-02 15:32:11.145718
f4857fb9-e255-4dc6-bd01-e4ca7cc68544,Jamiroqui,,,,,,2021-09-02 15:32:11.145718
6be2828f-6c0d-4059-99d4-fa18acf1a296,Janet,,,,,,2021-09-02 15:32:11.145718
6be2828f-6c0d-4059-99d4-fa18acf1a296,"Jackson, Janet",,,,,,2021-09-02 15:32:11.145718
6be2828f-6c0d-4059-99d4-fa18acf1a296,Janet Damita Jo Jackson,Legal name,,,,,2021-09-02 15:32:11.145718
6be2828f-6c0d-4059-99d4-fa18acf1a296,ジャネット・ジャクソン,Artist name,ja,,,,2021-09-02 15:32:11.145718
a2507d4d-3387-4d31-a6e8-f2c9794fb37e,Timucin Fabian Kwong Wah Aluo,Legal name,,,,,2021-09-02 15:32:11.145718
db8fad3a-e131-47a1-8782-c2ee93708cdd,Bleta Rexha,Legal name,,,,,2021-09-02 15:32:11.145718
853dbc3e-8e00-4a1c-a2c4-8153eaa96e85,Jenifer Yaël Dadouche-Bartoli,,,,,,2021-09-02 15:32:11.145718
853dbc3e-8e00-4a1c-a2c4-8153eaa96e85,Jenifer Yaël Dadouche Bartoli,Legal name,,,,,2021-09-02 15:32:11.145718
853dbc3e-8e00-4a1c-a2c4-8153eaa96e85,Jenifer Bartoli,,,,,,2021-09-02 15:32:11.145718
d5bc8537-5bc5-4e37-915a-008c88436092,James Rodgers,,,,,,2021-09-02 15:32:11.145718
d5bc8537-5bc5-4e37-915a-008c88436092,Jimmy Rogers,,,,,,2021-09-02 15:32:11.145718
d5bc8537-5bc5-4e37-915a-008c88436092,Jimmie F. Rodgers,,,,,,2021-09-02 15:32:11.145718
d5bc8537-5bc5-4e37-915a-008c88436092,Jimmie Rodger,,,,,,2021-09-02 15:32:11.145718
d5bc8537-5bc5-4e37-915a-008c88436092,James Frederick Rodgers,Legal name,,,,,2021-09-02 15:32:11.145718
2ec1b269-51b4-4876-b0d0-17c0374f9d93,Ralph Joseph Reynolds,Legal name,,,,,2021-09-02 15:32:11.145718
2ec1b269-51b4-4876-b0d0-17c0374f9d93,Jodie Reynolds,,,,,,2021-09-02 15:32:11.145718
c035835b-16d3-40a6-bfa4-19e3f9081531,Andy Dawn And The Dawnbreakers,Artist name,,,,,2021-09-02 15:32:11.145718
c035835b-16d3-40a6-bfa4-19e3f9081531,Buzz Jefferson,Artist name,,,,,2021-09-02 15:32:11.145718
c035835b-16d3-40a6-bfa4-19e3f9081531,De Kruiken,Artist name,,,,,2021-09-02 15:32:11.145718
c035835b-16d3-40a6-bfa4-19e3f9081531,Henk van Tilburg,Artist name,,,,,2021-09-02 15:32:11.145718
c035835b-16d3-40a6-bfa4-19e3f9081531,John Fender,Artist name,,,,,2021-09-02 15:32:11.145718
c035835b-16d3-40a6-bfa4-19e3f9081531,Rockin' Ronny,Artist name,,,,,2021-09-02 15:32:11.145718
c035835b-16d3-40a6-bfa4-19e3f9081531,Johnny en De Tijgers,Artist name,,,,,2021-09-02 15:32:11.145718
c035835b-16d3-40a6-bfa4-19e3f9081531,Piraten Billy,Artist name,,,,,2021-09-02 15:32:11.145718
c035835b-16d3-40a6-bfa4-19e3f9081531,Johnny Rock,Artist name,,,,,2021-09-02 15:32:11.145718
c035835b-16d3-40a6-bfa4-19e3f9081531,Hank Brooklyn,Artist name,,,,,2021-09-02 15:32:11.145718
c035835b-16d3-40a6-bfa4-19e3f9081531,Henk van Broekhoven,Legal name,nl_NL,primary,,,2021-09-02 15:32:11.145718
237a5c07-9f54-4fa3-8002-508b75fc94f4,John van Leeuwarden,Legal name,nl_NL,primary,,,2021-09-02 15:32:11.145718
ed29398b-bbf3-42a0-8eff-8631509c271d,Jo Jo,Search hint,,,,,2021-09-02 15:32:11.145718
ed29398b-bbf3-42a0-8eff-8631509c271d,Joanna Noëlle Blagden Levesque,Legal name,en,,1990-12-20,,2021-09-02 15:32:11.145718
ed29398b-bbf3-42a0-8eff-8631509c271d,Joanna Noëlle Levesque,Search hint,,,,,2021-09-02 15:32:11.145718
d62614aa-ef2c-44cd-8a7b-91292755a1d0,Jorja Alice Smith,Legal name,,,,,2021-09-02 15:32:11.145718
8e6c44df-06fc-4852-83d0-ef0efed6630a,Julien Marie,Legal name,fr_FR,,,,2021-09-02 15:32:11.145718
09d878d8-bc2e-4d04-b4aa-57ab614f93ab,Joseph Gordan,,,,,,2021-09-02 15:32:11.145718
09d878d8-bc2e-4d04-b4aa-57ab614f93ab,"Cope, Julian",,,,,,2021-09-02 15:32:11.145718
09d878d8-bc2e-4d04-b4aa-57ab614f93ab,Juilan Cope,,,,,,2021-09-02 15:32:11.145718
16231a34-9ccd-410e-8690-f74e98fe16a4,Juno Reactor-,,,,,,2021-09-02 15:32:11.145718
e0140a67-e4d1-4f13-8a01-364355bee46e,ジャスティン・ビーバー,Artist name,ja,primary,,,2021-09-02 15:32:11.145718
e0140a67-e4d1-4f13-8a01-364355bee46e,Justin Beiber,Search hint,,,,,2021-09-02 15:32:11.145718
e0140a67-e4d1-4f13-8a01-364355bee46e,Justin Drew Bieber,Legal name,,,,,2021-09-02 15:32:11.145718
164f0d73-1234-4e2c-8743-d77bf2191051,Yeezy,Artist name,,,,,2021-09-02 15:32:11.145718
164f0d73-1234-4e2c-8743-d77bf2191051,Kanye Omari West,Legal name,,,,,2021-09-02 15:32:11.145718
164f0d73-1234-4e2c-8743-d77bf2191051,Kayne West,Search hint,,,,,2021-09-02 15:32:11.145718
164f0d73-1234-4e2c-8743-d77bf2191051,カニエ・ウェスト,Artist name,ja,primary,,,2021-09-02 15:32:11.145718
164f0d73-1234-4e2c-8743-d77bf2191051,K. West,Search hint,,,,,2021-09-02 15:32:11.145718
164f0d73-1234-4e2c-8743-d77bf2191051,Kanye,Artist name,,,,,2021-09-02 15:32:11.145718
4b585938-f271-45e2-b19a-91c634b5e396,Catherine Bush,Legal name,,,,,2021-09-02 15:32:11.145718
4b585938-f271-45e2-b19a-91c634b5e396,Kate Bush,Artist name,,,,,2021-09-02 15:32:11.145718
89d746b8-7d18-4baf-8cee-659b07771568,Katrien Verbeeck,Legal name,,,,,2021-09-02 15:32:11.145718
ceb05831-03e8-4605-904d-894ee0492d00,Kate Elizabeth Winslet,Legal name,,,,,2021-09-02 15:32:11.145718
ceb05831-03e8-4605-904d-894ee0492d00,Kate Winslett,Search hint,,,,,2021-09-02 15:32:11.145718
ceb05831-03e8-4605-904d-894ee0492d00,"Winslet, Kate",,,,,,2021-09-02 15:32:11.145718
d339efbb-77b9-4147-ba9e-59f2f24550b2,Kelly Brianne Clarkson,Legal name,,,,,2021-09-02 15:32:11.145718
d339efbb-77b9-4147-ba9e-59f2f24550b2,Kelly Clarson,,,,,,2021-09-02 15:32:11.145718
31bea673-d23a-4889-8da1-7cb040863268,Kelly Roland,,,,,,2021-09-02 15:32:11.145718
31bea673-d23a-4889-8da1-7cb040863268,Kelendria Trene Rowland,Legal name,,,,,2021-09-02 15:32:11.145718
ad0ecd8b-805e-406e-82cb-5b00c3a3a29e,Robert James Ritchie,,,,,,2021-09-02 15:32:11.145718
ad0ecd8b-805e-406e-82cb-5b00c3a3a29e,Robert J Ritchie,,,,,,2021-09-02 15:32:11.145718
ad0ecd8b-805e-406e-82cb-5b00c3a3a29e,R.J. Ritchie,,,,,,2021-09-02 15:32:11.145718
919bb117-4ea8-4107-a924-80fe7ce95f56,K.O.D.,,,,,,2021-09-02 15:32:11.145718
9ce29a24-b118-41a3-9297-2618f26b124d,Kristopher Neil Allen,Legal name,,,,,2021-09-02 15:32:11.145718
ba0e7638-0cd6-4ff4-8987-c3e224d22c23,※,,,,,,2021-09-02 15:32:11.145718
ba0e7638-0cd6-4ff4-8987-c3e224d22c23,Kyrre Gørvell-Dahll,Legal name,,,,,2021-09-02 15:32:11.145718
2fddb92d-24b2-46a5-bf28-3aed46f4684c,Kylie Monogue,,,,,,2021-09-02 15:32:11.145718
2fddb92d-24b2-46a5-bf28-3aed46f4684c,Kylie Minouge,,,,,,2021-09-02 15:32:11.145718
2fddb92d-24b2-46a5-bf28-3aed46f4684c,Kylie Minoque,,,,,,2021-09-02 15:32:11.145718
2fddb92d-24b2-46a5-bf28-3aed46f4684c,Kylie Mingue,,,,,,2021-09-02 15:32:11.145718
2fddb92d-24b2-46a5-bf28-3aed46f4684c,Kylie,,,,,,2021-09-02 15:32:11.145718
2fddb92d-24b2-46a5-bf28-3aed46f4684c,Kylie Minougue,,,,,,2021-09-02 15:32:11.145718
2fddb92d-24b2-46a5-bf28-3aed46f4684c,Kylie Minoogue,,,,,,2021-09-02 15:32:11.145718
2fddb92d-24b2-46a5-bf28-3aed46f4684c,K. Minogue,,,,,,2021-09-02 15:32:11.145718
2fddb92d-24b2-46a5-bf28-3aed46f4684c,Kylie M,,,,,,2021-09-02 15:32:11.145718
2fddb92d-24b2-46a5-bf28-3aed46f4684c,Kylie Ann Minogue,Legal name,,,1968-05-28,,2021-09-02 15:32:11.145718
ce402926-ad80-4555-a24b-fca1dc84911a,Laetitia Larusso,,,,,,2021-09-02 15:32:11.145718
e47fbf55-6aeb-4f6c-81f7-6dfdc7452539,Lazy Boy,,,,,,2021-09-02 15:32:11.145718
e47fbf55-6aeb-4f6c-81f7-6dfdc7452539,Lazy-B,,,,,,2021-09-02 15:32:11.145718
e47fbf55-6aeb-4f6c-81f7-6dfdc7452539,Lazy B,,,,,,2021-09-02 15:32:11.145718
e47fbf55-6aeb-4f6c-81f7-6dfdc7452539,Lazyboy TV,,,,,,2021-09-02 15:32:11.145718
8f2fb138-2beb-4b4e-bed5-d0d33895aa5e,Leila El Khalifi,,,,,,2021-09-02 15:32:11.145718
8f2fb138-2beb-4b4e-bed5-d0d33895aa5e,Laila El Khalifi,Artist name,,,,,2021-09-02 15:32:11.145718
8f2fb138-2beb-4b4e-bed5-d0d33895aa5e,Leila K.,,,,,,2021-09-02 15:32:11.145718
74df4e2f-fe75-4b4a-87c5-3f1b4bc95aa2,Лео Сейер,,,,,,2021-09-02 15:32:11.145718
74df4e2f-fe75-4b4a-87c5-3f1b4bc95aa2,Gerard Hugh Sayer,Legal name,,,,,2021-09-02 15:32:11.145718
74df4e2f-fe75-4b4a-87c5-3f1b4bc95aa2,Leo Slayer,,,,,,2021-09-02 15:32:11.145718
74df4e2f-fe75-4b4a-87c5-3f1b4bc95aa2,Leo Sayers,,,,,,2021-09-02 15:32:11.145718
8d552dfc-648f-401f-90de-e925013ca537,Leana Lewis,Search hint,,,,,2021-09-02 15:32:11.145718
526aab94-697f-44a9-b630-41d1c0505953,Lewis Marc Capaldi,Legal name,,,,,2021-09-02 15:32:11.145718
c9cd225b-4883-428e-82c2-73e0b6282fb6,Durk Derrick Banks,Legal name,en,,,,2021-09-02 15:32:11.145718
f59c5520-5f46-4d2c-b2c4-822eabf53419,聯合公園,Search hint,,,,,2021-09-02 15:32:11.145718
f59c5520-5f46-4d2c-b2c4-822eabf53419,Xero,,,,,,2021-09-02 15:32:11.145718
f59c5520-5f46-4d2c-b2c4-822eabf53419,Lincoln Park,,,,,,2021-09-02 15:32:11.145718
f59c5520-5f46-4d2c-b2c4-822eabf53419,Limkin Park,,,,,,2021-09-02 15:32:11.145718
f59c5520-5f46-4d2c-b2c4-822eabf53419,Hybrid Theory,,,,,,2021-09-02 15:32:11.145718
a4dd0e77-83b8-4e92-89b7-effb0e47fd8c,LL Cool J & The Dream,,,,,,2021-09-02 15:32:11.145718
a4dd0e77-83b8-4e92-89b7-effb0e47fd8c,Ladies Love Cool James,Artist name,en,,,,2021-09-02 15:32:11.145718
a4dd0e77-83b8-4e92-89b7-effb0e47fd8c,James Todd Smith,Legal name,,,,,2021-09-02 15:32:11.145718
a4dd0e77-83b8-4e92-89b7-effb0e47fd8c,Todd Smith,Artist name,,,,,2021-09-02 15:32:11.145718
a4dd0e77-83b8-4e92-89b7-effb0e47fd8c,James T. Smith,Artist name,,,,,2021-09-02 15:32:11.145718
a4dd0e77-83b8-4e92-89b7-effb0e47fd8c,J.T. Smith,Artist name,,,,,2021-09-02 15:32:11.145718
a4dd0e77-83b8-4e92-89b7-effb0e47fd8c,L. L. Cool J,Search hint,,,,,2021-09-02 15:32:11.145718
a4dd0e77-83b8-4e92-89b7-effb0e47fd8c,L.L. Cool J,Artist name,en,,,,2021-09-02 15:32:11.145718
a4dd0e77-83b8-4e92-89b7-effb0e47fd8c,LL Cool J.,Search hint,,,,,2021-09-02 15:32:11.145718
a4dd0e77-83b8-4e92-89b7-effb0e47fd8c,L.L.Cool J.,,,,,,2021-09-02 15:32:11.145718
6e67c3cc-5e38-44a3-be96-d2a6446ded5b,Long View,,,,,,2021-09-02 15:32:11.145718
6e67c3cc-5e38-44a3-be96-d2a6446ded5b,Long-View,,,,,,2021-09-02 15:32:11.145718
ef6e2e49-aa93-41bd-89b0-8c7d2f260a83,Lost Prophets,,,,,,2021-09-02 15:32:11.145718
ef6e2e49-aa93-41bd-89b0-8c7d2f260a83,The Lost Prophets,,,,,,2021-09-02 15:32:11.145718
ef6e2e49-aa93-41bd-89b0-8c7d2f260a83,The Lostprophets,,,,,,2021-09-02 15:32:11.145718
4600b3b7-57ad-410d-b65d-ca0df36822dd,Patrick Großmann,Legal name,,,,,2021-09-02 15:32:11.145718
fed89e3b-6532-475d-93fd-4b927b4b444f,Jonathan Peters presents Luminaire,,,,,,2021-09-02 15:32:11.145718
8be5d1de-e925-4e9f-b410-6d702cd8dcaa,Lucious Jackson,,,,,,2021-09-02 15:32:11.145718
79239441-bfd5-4981-a70c-55c3f15c1287,マドンナ,Artist name,ja,primary,,,2021-09-02 15:32:11.145718
79239441-bfd5-4981-a70c-55c3f15c1287,Madonna Ciccone-Ritchie,,,,,,2021-09-02 15:32:11.145718
79239441-bfd5-4981-a70c-55c3f15c1287,Madonna Louise Ciccone,Legal name,,,,,2021-09-02 15:32:11.145718
79239441-bfd5-4981-a70c-55c3f15c1287,Madonna,,,,,,2021-09-02 15:32:11.145718
79239441-bfd5-4981-a70c-55c3f15c1287,M. Ciccone,Search hint,,,,,2021-09-02 15:32:11.145718
79239441-bfd5-4981-a70c-55c3f15c1287,Madonna Louise Veronica Ciccone,,,,,,2021-09-02 15:32:11.145718
7520c1b4-59fe-4874-8a5f-6d4e6e36e98d,MADRUGADA,,,,,,2021-09-02 15:32:11.145718
7520c1b4-59fe-4874-8a5f-6d4e6e36e98d,Madraguda,,,,,,2021-09-02 15:32:11.145718
dfa02816-bf7b-4229-81e7-3e3d7a29537d,Mandy,,,,,,2021-09-02 15:32:11.145718
d67e6b0a-d2c6-4e4a-ba30-7834701535a1,Mark Almond,,,,,,2021-09-02 15:32:11.145718
d67e6b0a-d2c6-4e4a-ba30-7834701535a1,"Almond, Marc",,,,,,2021-09-02 15:32:11.145718
d67e6b0a-d2c6-4e4a-ba30-7834701535a1,Marc Almod,,,,,,2021-09-02 15:32:11.145718
d67e6b0a-d2c6-4e4a-ba30-7834701535a1,Peter Mark Sinclair Almond,Legal name,,,,,2021-09-02 15:32:11.145718
d67e6b0a-d2c6-4e4a-ba30-7834701535a1,Marc Almond & The Willing Sinners,,,,,,2021-09-02 15:32:11.145718
d67e6b0a-d2c6-4e4a-ba30-7834701535a1,Marc Almond and Friends,,,,,,2021-09-02 15:32:11.145718
d67e6b0a-d2c6-4e4a-ba30-7834701535a1,Marc Almond & Friends,,,,,,2021-09-02 15:32:11.145718
d67e6b0a-d2c6-4e4a-ba30-7834701535a1,Marc Almond & the Willing Sinners,,,,,,2021-09-02 15:32:11.145718
494e8d09-f85b-4543-892f-a5096aed1cd4,マライア・キャリー,,,,,,2021-09-02 15:32:11.145718
494e8d09-f85b-4543-892f-a5096aed1cd4,"Carey, Mariah",,,,,,2021-09-02 15:32:11.145718
494e8d09-f85b-4543-892f-a5096aed1cd4,Mariah-Carey,,,,,,2021-09-02 15:32:11.145718
494e8d09-f85b-4543-892f-a5096aed1cd4,Mariah Carrey,,,,,,2021-09-02 15:32:11.145718
494e8d09-f85b-4543-892f-a5096aed1cd4,Mariah,,,,,,2021-09-02 15:32:11.145718
494e8d09-f85b-4543-892f-a5096aed1cd4,M. Carey,,,,,,2021-09-02 15:32:11.145718
1932f5b6-0b7b-4050-b1df-833ca89e5f44,Low Fat Yoghurts,,,,,,2021-09-02 15:32:11.145718
1932f5b6-0b7b-4050-b1df-833ca89e5f44,Skyline Drifters,,,,,,2021-09-02 15:32:11.145718
1932f5b6-0b7b-4050-b1df-833ca89e5f44,Los Trios Marillos,,,,,,2021-09-02 15:32:11.145718
5dfdca28-9ddc-4853-933c-8bc97d87beec,Manson Marilyn,Search hint,,,,,2021-09-02 15:32:11.145718
5dfdca28-9ddc-4853-933c-8bc97d87beec,Marilyn Manson & the Spooky Kids,Artist name,,,1989,1992,2021-09-02 15:32:11.145718
5dfdca28-9ddc-4853-933c-8bc97d87beec,Marilyn Manson and the Spooky Kids,,,,,,2021-09-02 15:32:11.145718
5dfdca28-9ddc-4853-933c-8bc97d87beec,The Spooky Kids,,,,,,2021-09-02 15:32:11.145718
5dfdca28-9ddc-4853-933c-8bc97d87beec,Marilyn Manson,Artist name,,,1992,,2021-09-02 15:32:11.145718
5dfdca28-9ddc-4853-933c-8bc97d87beec,marily manson,,,,,,2021-09-02 15:32:11.145718
5dfdca28-9ddc-4853-933c-8bc97d87beec,マリリン・マンソン,Artist name,ja,,,,2021-09-02 15:32:11.145718
5dfdca28-9ddc-4853-933c-8bc97d87beec,Mar1lyn Man5on,,,,,,2021-09-02 15:32:11.145718
5dfdca28-9ddc-4853-933c-8bc97d87beec,Mariyln Manson,,,,,,2021-09-02 15:32:11.145718
5dfdca28-9ddc-4853-933c-8bc97d87beec,Marilin Manson,Search hint,,,,,2021-09-02 15:32:11.145718
5dfdca28-9ddc-4853-933c-8bc97d87beec,Marylin Manson,,,,,,2021-09-02 15:32:11.145718
c3c82bdc-d9e7-4836-9746-c24ead47ca19,DJ Mark Ronson,,,,,,2021-09-02 15:32:11.145718
c3c82bdc-d9e7-4836-9746-c24ead47ca19,Mark D. Ronson,Artist name,,,,,2021-09-02 15:32:11.145718
c3c82bdc-d9e7-4836-9746-c24ead47ca19,Marc Ronson,,,,,,2021-09-02 15:32:11.145718
c3c82bdc-d9e7-4836-9746-c24ead47ca19,Mark Daniel Ronson,Legal name,,,,,2021-09-02 15:32:11.145718
06db73fd-57e2-4a6f-bcd3-699fb7bb7af4,Martin Solvieg,,,,,,2021-09-02 15:32:11.145718
10adbe5e-a2c0-4bf3-8249-2b4cbf6e6ca8,Massiv Attack,,,,,,2021-09-02 15:32:11.145718
10adbe5e-a2c0-4bf3-8249-2b4cbf6e6ca8,Massive,,,,,,2021-09-02 15:32:11.145718
24410e2a-1024-4662-8f47-f48b14b5d991,Maximum Xstasy,Artist name,,,,,2021-09-02 15:32:11.145718
bbbd2644-b4cb-4bb5-a442-315310f68a0b,Claude Honoré M’Barali,Legal name,,,,,2021-09-02 15:32:11.145718
bbbd2644-b4cb-4bb5-a442-315310f68a0b,CLAUDE HONORE MBARALI,Search hint,,,,,2021-09-02 15:32:11.145718
bbbd2644-b4cb-4bb5-a442-315310f68a0b,Claude M’Barali,Legal name,,,,,2021-09-02 15:32:11.145718
bbbd2644-b4cb-4bb5-a442-315310f68a0b,C. M' Barali,,,,,,2021-09-02 15:32:11.145718
bbbd2644-b4cb-4bb5-a442-315310f68a0b,MC Solaar,Artist name,,,,,2021-09-02 15:32:11.145718
bbbd2644-b4cb-4bb5-a442-315310f68a0b,Claude MC,Artist name,,,,,2021-09-02 15:32:11.145718
bbbd2644-b4cb-4bb5-a442-315310f68a0b,MC Solar,Search hint,,,,,2021-09-02 15:32:11.145718
b134d1bf-c7c7-4427-93ac-9fdbc2b59ef1,Michael Lee Aday,Legal name,,,1983,,2021-09-02 15:32:11.145718
b134d1bf-c7c7-4427-93ac-9fdbc2b59ef1,Marvin Lee Aday,,,,1947-09-27,1983,2021-09-02 15:32:11.145718
b134d1bf-c7c7-4427-93ac-9fdbc2b59ef1,Meat Loaf and Friends,,,,,,2021-09-02 15:32:11.145718
b134d1bf-c7c7-4427-93ac-9fdbc2b59ef1,Meat Loaf Aday,,,,,,2021-09-02 15:32:11.145718
b134d1bf-c7c7-4427-93ac-9fdbc2b59ef1,Meatloaf,Search hint,,,,,2021-09-02 15:32:11.145718
b134d1bf-c7c7-4427-93ac-9fdbc2b59ef1,Marvin Lee Aday,Legal name,,,1947-09-27,1983,2021-09-02 15:32:11.145718
620efc10-77da-428f-9d78-2ebc75760f46,The Members of Mayday,,,,,,2021-09-02 15:32:11.145718
620efc10-77da-428f-9d78-2ebc75760f46,Members Of Mayday,,,,,,2021-09-02 15:32:11.145718
620efc10-77da-428f-9d78-2ebc75760f46,Members of Maday,,,,,,2021-09-02 15:32:11.145718
620efc10-77da-428f-9d78-2ebc75760f46,Member Of Mayday,,,,,,2021-09-02 15:32:11.145718
65f4f0c5-ef9e-490c-aee3-909e7ae6b2ab,Metalica,Search hint,,,,,2021-09-02 15:32:11.145718
65f4f0c5-ef9e-490c-aee3-909e7ae6b2ab,メタリカ,Artist name,ja,,,,2021-09-02 15:32:11.145718
65f4f0c5-ef9e-490c-aee3-909e7ae6b2ab,메탈리카,,ko_KR,primary,,,2021-09-02 15:32:11.145718
65f4f0c5-ef9e-490c-aee3-909e7ae6b2ab,Metallica,Artist name,en,primary,,,2021-09-02 15:32:11.145718
e8bee5d1-a3a5-4c1a-ada4-f1ca22101e84,Bolton Michael,,,,,,2021-09-02 15:32:11.145718
e8bee5d1-a3a5-4c1a-ada4-f1ca22101e84,Micheal Bolton,,,,,,2021-09-02 15:32:11.145718
e8bee5d1-a3a5-4c1a-ada4-f1ca22101e84,Michael Bolotin,Artist name,,,,,2021-09-02 15:32:11.145718
f27ec8db-af05-4f36-916e-3d57f91ecf5e,Майкл Джексон,,ru,,,,2021-09-02 15:32:11.145718
f27ec8db-af05-4f36-916e-3d57f91ecf5e,マイケル・ジャクソン,,ja,primary,,,2021-09-02 15:32:11.145718
f27ec8db-af05-4f36-916e-3d57f91ecf5e,마이클 잭슨,,ko,primary,,,2021-09-02 15:32:11.145718
f27ec8db-af05-4f36-916e-3d57f91ecf5e,Michel Jackson,,,,,,2021-09-02 15:32:11.145718
f27ec8db-af05-4f36-916e-3d57f91ecf5e,JACKSON MICHAEL JOE,,,,,,2021-09-02 15:32:11.145718
f27ec8db-af05-4f36-916e-3d57f91ecf5e,Michaël Jackson,,,,,,2021-09-02 15:32:11.145718
f27ec8db-af05-4f36-916e-3d57f91ecf5e,Michael Joe Jackson,,,,,,2021-09-02 15:32:11.145718
f27ec8db-af05-4f36-916e-3d57f91ecf5e,Micheal,Search hint,,,,,2021-09-02 15:32:11.145718
f27ec8db-af05-4f36-916e-3d57f91ecf5e,Michael Jackson,Artist name,en,primary,,,2021-09-02 15:32:11.145718
f27ec8db-af05-4f36-916e-3d57f91ecf5e,Michael Joseph Jackson,Legal name,,,,,2021-09-02 15:32:11.145718
82af8384-5687-4aff-93d0-eed97c93a420,Micheal Watford,,,,,,2021-09-02 15:32:11.145718
199a1272-fc60-4bd9-8406-0c9a91d33674,Michele Gayle,,,,,,2021-09-02 15:32:11.145718
24cac374-29bd-499f-a0f8-72165d2f2f43,Ure Midge,,,,,,2021-09-02 15:32:11.145718
24cac374-29bd-499f-a0f8-72165d2f2f43,ミッジ・ユーロ,Artist name,ja,,,,2021-09-02 15:32:11.145718
d22704f3-dcf9-4318-b6bb-9eedf565aafa,Michael David Kull,Legal name,,,,,2021-09-02 15:32:11.145718
d22704f3-dcf9-4318-b6bb-9eedf565aafa,Michael Kull,Legal name,,,,,2021-09-02 15:32:11.145718
a1684a49-feaa-4150-b758-d9412fc59f12,The Mike Oldfield Group,,,,,,2021-09-02 15:32:11.145718
a1684a49-feaa-4150-b758-d9412fc59f12,M. Oldfield,,,,,,2021-09-02 15:32:11.145718
a1684a49-feaa-4150-b758-d9412fc59f12,Michael Oldfield,,,,,,2021-09-02 15:32:11.145718
a1684a49-feaa-4150-b758-d9412fc59f12,"Oldfield, Mike",,,,,,2021-09-02 15:32:11.145718
a1684a49-feaa-4150-b758-d9412fc59f12,N OLDFIELD MICHAEL GORDO,Search hint,,,,,2021-09-02 15:32:11.145718
a1684a49-feaa-4150-b758-d9412fc59f12,Michael Gordon Oldfield,Legal name,,,,,2021-09-02 15:32:11.145718
a1684a49-feaa-4150-b758-d9412fc59f12,Oldfield,,,,,,2021-09-02 15:32:11.145718
a1684a49-feaa-4150-b758-d9412fc59f12,マイク・オールドフィールド,Artist name,ja,,,,2021-09-02 15:32:11.145718
7e9bd05a-117f-4cce-87bc-e011527a8b18,Miley Ray Cyrus,Legal name,,,,,2021-09-02 15:32:11.145718
7e9bd05a-117f-4cce-87bc-e011527a8b18,Destiny Hope Cyrus,Legal name,,,1992-11-23,,2021-09-02 15:32:11.145718
67bb73ee-e70c-4bfd-9bf1-e7a09768f9a9,Milk Inc,,,,,,2021-09-02 15:32:11.145718
67bb73ee-e70c-4bfd-9bf1-e7a09768f9a9,Milc Inc,,,,,,2021-09-02 15:32:11.145718
67bb73ee-e70c-4bfd-9bf1-e7a09768f9a9,Milk Incorporated,,,,,,2021-09-02 15:32:11.145718
4eca1aa0-c79f-481b-af8a-4a2d6c41aa5c,Miranda Leigh Lambert,Legal name,,,,,2021-09-02 15:32:11.145718
84231cd8-3c7e-44f3-84d4-b1ab539d0a61,Michelle Oldland,,,,,,2021-09-02 15:32:11.145718
84231cd8-3c7e-44f3-84d4-b1ab539d0a61,Misty Odland,,,,,,2021-09-02 15:32:11.145718
84231cd8-3c7e-44f3-84d4-b1ab539d0a61,Michele Oldland,,,,,,2021-09-02 15:32:11.145718
b1702b3d-36e7-4a77-b37a-72327ca49a57,MN 8,,,,,,2021-09-02 15:32:11.145718
8970d868-0723-483b-a75b-51088913d3d4,DJ Moby,Artist name,en,,,,2021-09-02 15:32:11.145718
8970d868-0723-483b-a75b-51088913d3d4,モービー,Artist name,ja,,,,2021-09-02 15:32:11.145718
8970d868-0723-483b-a75b-51088913d3d4,Moby,Artist name,en,primary,,,2021-09-02 15:32:11.145718
6255d25c-8231-4ff5-9b49-e26d760d6466,Coco Jamboo,,,,,,2021-09-02 15:32:11.145718
6255d25c-8231-4ff5-9b49-e26d760d6466,Mr President,,,,,,2021-09-02 15:32:11.145718
6255d25c-8231-4ff5-9b49-e26d760d6466,Mr.President,,,,,,2021-09-02 15:32:11.145718
6255d25c-8231-4ff5-9b49-e26d760d6466,MR. PRESIDENTE,,,,,,2021-09-02 15:32:11.145718
9c9f1380-2516-4fc9-a3e6-f9f61941d090,Muse,Artist name,en,primary,,,2021-09-02 15:32:11.145718
9c9f1380-2516-4fc9-a3e6-f9f61941d090,ミューズ,Artist name,ja,primary,,,2021-09-02 15:32:11.145718
ee37ea5a-faac-480a-bdc2-5e71f25b8ef0,Les Frères Nacash,,,,,,2021-09-02 15:32:11.145718
cfbc0924-0035-4d6c-8197-f024653af823,Nasir Jones,Search hint,,,,,2021-09-02 15:32:11.145718
cfbc0924-0035-4d6c-8197-f024653af823,N. Jones,Search hint,,,,,2021-09-02 15:32:11.145718
cfbc0924-0035-4d6c-8197-f024653af823,Kid Wave,Artist name,,,,,2021-09-02 15:32:11.145718
cfbc0924-0035-4d6c-8197-f024653af823,Nasty Nas,Artist name,,,,,2021-09-02 15:32:11.145718
cfbc0924-0035-4d6c-8197-f024653af823,Nasir Bin Olu Dara Jones,Legal name,,,,,2021-09-02 15:32:11.145718
cfbc0924-0035-4d6c-8197-f024653af823,Nas Escobar,Artist name,,,,,2021-09-02 15:32:11.145718
cfbc0924-0035-4d6c-8197-f024653af823,Nass,Search hint,,,,,2021-09-02 15:32:11.145718
cfbc0924-0035-4d6c-8197-f024653af823,Scarlett,Artist name,,,,,2021-09-02 15:32:11.145718
eb45032c-80da-469c-be20-1d09f08ef37f,"Cole, Natalie",,,,,,2021-09-02 15:32:11.145718
eb45032c-80da-469c-be20-1d09f08ef37f,Natalie King Cole,,,,,,2021-09-02 15:32:11.145718
eb45032c-80da-469c-be20-1d09f08ef37f,Nathalie Cole,,,,,,2021-09-02 15:32:11.145718
3bdcd49d-212e-4f4f-877a-eac1e4a2bddc,N-By-N,,,,,,2021-09-02 15:32:11.145718
3bdcd49d-212e-4f4f-877a-eac1e4a2bddc,The New Style,Artist name,,,1986,,2021-09-02 15:32:11.145718
3bdcd49d-212e-4f4f-877a-eac1e4a2bddc,Naughty by Nature,Artist name,,,,,2021-09-02 15:32:11.145718
3bdcd49d-212e-4f4f-877a-eac1e4a2bddc,Naughty by Nature,,,,,,2021-09-02 15:32:11.145718
75167b8b-44e4-407b-9d35-effe87b223cf,Neil Young & the Shocking Pinks,Search hint,,,,,2021-09-02 15:32:11.145718
75167b8b-44e4-407b-9d35-effe87b223cf,Neil Percival Young,Legal name,,,,,2021-09-02 15:32:11.145718
75167b8b-44e4-407b-9d35-effe87b223cf,Niel Young,Search hint,,,,,2021-09-02 15:32:11.145718
75167b8b-44e4-407b-9d35-effe87b223cf,Bernard Shakey,,,,,,2021-09-02 15:32:11.145718
811900b2-68fc-4d41-8bad-69b7a1f4d628,"Cornell Haynes, Jr.",Legal name,,,,,2021-09-02 15:32:11.145718
811900b2-68fc-4d41-8bad-69b7a1f4d628,Nelly Da,,,,,,2021-09-02 15:32:11.145718
13655113-cd16-4b43-9dca-cadbbf26ee05,ネリー・ファータド,Artist name,ja,primary,,,2021-09-02 15:32:11.145718
13655113-cd16-4b43-9dca-cadbbf26ee05,Nelly Furtando,,,,,,2021-09-02 15:32:11.145718
13655113-cd16-4b43-9dca-cadbbf26ee05,Nelly Kim Furtado,Legal name,,,,,2021-09-02 15:32:11.145718
13655113-cd16-4b43-9dca-cadbbf26ee05,nelly furtado,,,,,,2021-09-02 15:32:11.145718
13655113-cd16-4b43-9dca-cadbbf26ee05,Nelly Furtardo,,,,,,2021-09-02 15:32:11.145718
13655113-cd16-4b43-9dca-cadbbf26ee05,Nelly Futardo,,,,,,2021-09-02 15:32:11.145718
13655113-cd16-4b43-9dca-cadbbf26ee05,Nelly Fortado,,,,,,2021-09-02 15:32:11.145718
f1106b17-dcbb-45f6-b938-199ccfab50cc,EnglandNewOrder,,,,,,2021-09-02 15:32:11.145718
f1106b17-dcbb-45f6-b938-199ccfab50cc,England New Order,,,,,,2021-09-02 15:32:11.145718
f1106b17-dcbb-45f6-b938-199ccfab50cc,Englandneworder,,,,,,2021-09-02 15:32:11.145718
f1106b17-dcbb-45f6-b938-199ccfab50cc,NewOrder,,,,,,2021-09-02 15:32:11.145718
bc710bcf-8815-42cf-bad2-3f1d12246aeb,Nickleback,,,,,,2021-09-02 15:32:11.145718
bc710bcf-8815-42cf-bad2-3f1d12246aeb,Mickleback,,,,,,2021-09-02 15:32:11.145718
bc710bcf-8815-42cf-bad2-3f1d12246aeb,NikelBack,,,,,,2021-09-02 15:32:11.145718
15316b5d-232c-4288-a74e-14f9912a5b1d,Nico Wellenbrink,Legal name,,,,,2021-09-02 15:32:11.145718
5b11f4ce-a62d-471e-81fc-a69a8278c7da,Nirvana,Artist name,en,primary,,,2021-09-02 15:32:11.145718
5b11f4ce-a62d-471e-81fc-a69a8278c7da,ニルヴァーナ,Artist name,ja,primary,,,2021-09-02 15:32:11.145718
5b11f4ce-a62d-471e-81fc-a69a8278c7da,Nirvana US,,,,,,2021-09-02 15:32:11.145718
d5f54887-117b-42a1-9aee-8780b84ebaba,ノエル・ギャラガーズ・ハイ・フライング・バーズ,,,,,,2021-09-02 15:32:11.145718
d5f54887-117b-42a1-9aee-8780b84ebaba,Noel Gallager’s High Flying Birds,,,,,,2021-09-02 15:32:11.145718
985c709c-7771-4de3-9024-7bda29ebe3f9,Nora Jones,,,,,,2021-09-02 15:32:11.145718
985c709c-7771-4de3-9024-7bda29ebe3f9,Geetali Norah Jones Shankar,Legal name,,,,,2021-09-02 15:32:11.145718
39ab1aed-75e0-4140-bd47-540276886b60,Oas*s,,,,,,2021-09-02 15:32:11.145718
39ab1aed-75e0-4140-bd47-540276886b60,OASIS,,,,,,2021-09-02 15:32:11.145718
39ab1aed-75e0-4140-bd47-540276886b60,オアシス,,,,,,2021-09-02 15:32:11.145718
601d793d-7e96-4bb6-b4a6-712d5c926259,OCS,,,,,,2021-09-02 15:32:11.145718
601d793d-7e96-4bb6-b4a6-712d5c926259,Ocean Color Scene,,,,,,2021-09-02 15:32:11.145718
601d793d-7e96-4bb6-b4a6-712d5c926259,Ocean Colur Scene,,,,,,2021-09-02 15:32:11.145718
601d793d-7e96-4bb6-b4a6-712d5c926259,Ocean Colour Scheme,,,,,,2021-09-02 15:32:11.145718
5083e4bf-3246-4ab9-a6d3-23be8db8db2c,Oliva Ruiz,,,,,,2021-09-02 15:32:11.145718
c33c2065-b1c3-4406-b066-d33a9e2ea71a,Timbaland presents OneRepublic,,,,,,2021-09-02 15:32:11.145718
c33c2065-b1c3-4406-b066-d33a9e2ea71a,One Republic,,,,,,2021-09-02 15:32:11.145718
82b1f5fd-cd31-41a9-b5d4-7e33f0eb9751,Ottis Redding,,,,,,2021-09-02 15:32:11.145718
82b1f5fd-cd31-41a9-b5d4-7e33f0eb9751,Otis Reading,,,,,,2021-09-02 15:32:11.145718
82b1f5fd-cd31-41a9-b5d4-7e33f0eb9751,"Otis Ray Redding, Jr.",Legal name,,,,,2021-09-02 15:32:11.145718
73fdb566-a9b1-494c-9f32-51768ec9fd27,Outcast.,,,,,,2021-09-02 15:32:11.145718
73fdb566-a9b1-494c-9f32-51768ec9fd27,(Outkast),,,,,,2021-09-02 15:32:11.145718
e58ae396-5050-4640-a5d1-8826b5c4ba13,Patty Austin,,,,,,2021-09-02 15:32:11.145718
f4e05f94-1c2c-4d89-8fdd-3b2ee723fbdc,Paul Koulaksezian,Legal name,,,,,2021-09-02 15:32:11.145718
ba550d0e-adac-4864-b88b-407cab5e76af,Bernard Webb,,,,,,2021-09-02 15:32:11.145718
ba550d0e-adac-4864-b88b-407cab5e76af,Superweed,,,,,,2021-09-02 15:32:11.145718
ba550d0e-adac-4864-b88b-407cab5e76af,Racy Tune Clamp,,,,,,2021-09-02 15:32:11.145718
ba550d0e-adac-4864-b88b-407cab5e76af,Pete Mitchell,,,,,,2021-09-02 15:32:11.145718
ba550d0e-adac-4864-b88b-407cab5e76af,Pecan Army Cult,,,,,,2021-09-02 15:32:11.145718
ba550d0e-adac-4864-b88b-407cab5e76af,Paul Ramon,,,,,,2021-09-02 15:32:11.145718
ba550d0e-adac-4864-b88b-407cab5e76af,A. Smith,,,,,,2021-09-02 15:32:11.145718
ba550d0e-adac-4864-b88b-407cab5e76af,Apollo C. Vermouth,,,,,,2021-09-02 15:32:11.145718
ba550d0e-adac-4864-b88b-407cab5e76af,P. McCartney,,,,,,2021-09-02 15:32:11.145718
ba550d0e-adac-4864-b88b-407cab5e76af,Paul Mc Cartney,,,,,,2021-09-02 15:32:11.145718
ba550d0e-adac-4864-b88b-407cab5e76af,Tuna Cycle Pram,,,,,,2021-09-02 15:32:11.145718
ba550d0e-adac-4864-b88b-407cab5e76af,"McCARTNEY, Paul",,,,,,2021-09-02 15:32:11.145718
ba550d0e-adac-4864-b88b-407cab5e76af,ポール・マッカートニー,Artist name,ja_JP,primary,,,2021-09-02 15:32:11.145718
ba550d0e-adac-4864-b88b-407cab5e76af,Пол,,ru,,,,2021-09-02 15:32:11.145718
ba550d0e-adac-4864-b88b-407cab5e76af,Sir James Paul McCartney,,,,,,2021-09-02 15:32:11.145718
ba550d0e-adac-4864-b88b-407cab5e76af,Paul McCartney,Artist name,en,primary,,,2021-09-02 15:32:11.145718
ba550d0e-adac-4864-b88b-407cab5e76af,James Paul McCartney,Legal name,,,,,2021-09-02 15:32:11.145718
c4406045-e640-4cfe-8b88-4732cce314d4,Paul John Weller,,,,,,2021-09-02 15:32:11.145718
c4406045-e640-4cfe-8b88-4732cce314d4,"John William Weller, Jr.",Legal name,,,,,2021-09-02 15:32:11.145718
c4406045-e640-4cfe-8b88-4732cce314d4,Paul Wellar,,,,,,2021-09-02 15:32:11.145718
83b9cbe7-9857-49e2-ab8e-b57b01038103,Mookie Blaylock,,,,,,2021-09-02 15:32:11.145718
be540c02-7898-4b79-9acc-c8122c7d9e83,ペット・ショップ・ボーイズ,,ja,primary,,,2021-09-02 15:32:11.145718
be540c02-7898-4b79-9acc-c8122c7d9e83,The Pet Shop Boys,Search hint,,,,,2021-09-02 15:32:11.145718
be540c02-7898-4b79-9acc-c8122c7d9e83,PSB,,,,,,2021-09-02 15:32:11.145718
be540c02-7898-4b79-9acc-c8122c7d9e83,Petshop Boys,Search hint,,,,,2021-09-02 15:32:11.145718
be540c02-7898-4b79-9acc-c8122c7d9e83,Neil Tennant and Chris Lowe,,,,,,2021-09-02 15:32:11.145718
be540c02-7898-4b79-9acc-c8122c7d9e83,Pet Shop Boys,Artist name,en,primary,,,2021-09-02 15:32:11.145718
090e9c0a-6767-49e0-8f51-84a43226a174,Peter André,,,,,,2021-09-02 15:32:11.145718
401c3991-b76b-499d-8082-9f2df958ef78,Philip David Charles Collins,Legal name,,,,,2021-09-02 15:32:11.145718
401c3991-b76b-499d-8082-9f2df958ef78,Phillip Charles Collins,,,,,,2021-09-02 15:32:11.145718
401c3991-b76b-499d-8082-9f2df958ef78,Phill Collins,,,,,,2021-09-02 15:32:11.145718
401c3991-b76b-499d-8082-9f2df958ef78,"Collins, Phil",,,,,,2021-09-02 15:32:11.145718
401c3991-b76b-499d-8082-9f2df958ef78,Phil Colins,,,,,,2021-09-02 15:32:11.145718
401c3991-b76b-499d-8082-9f2df958ef78,P. Collins,,,,,,2021-09-02 15:32:11.145718
ea98ec56-8ce2-42e2-b653-b5c649ec4065,Piet Veermann,,,,,,2021-09-02 15:32:11.145718
ea98ec56-8ce2-42e2-b653-b5c649ec4065,Petrus Jozef Alphonsus Veerman,Legal name,,,,,2021-09-02 15:32:11.145718
d262ea27-3ffe-40f7-b922-85c42d625e67,Mr. 305,,,,,,2021-09-02 15:32:11.145718
d262ea27-3ffe-40f7-b922-85c42d625e67,Armando Christian Pérez,Legal name,,,1981-01-15,,2021-09-02 15:32:11.145718
d262ea27-3ffe-40f7-b922-85c42d625e67,Mr. Worldwide,Search hint,,,,,2021-09-02 15:32:11.145718
d262ea27-3ffe-40f7-b922-85c42d625e67,Pit Bull,Search hint,,,,,2021-09-02 15:32:11.145718
d262ea27-3ffe-40f7-b922-85c42d625e67,Armando C. Perez,,,,,,2021-09-02 15:32:11.145718
d262ea27-3ffe-40f7-b922-85c42d625e67,Pitbull Cuban,Search hint,,,,,2021-09-02 15:32:11.145718
847e8284-8582-4b0e-9c26-b042a4f49e57,プラシーボ,,,,,,2021-09-02 15:32:11.145718
847e8284-8582-4b0e-9c26-b042a4f49e57,placeo,,,,,,2021-09-02 15:32:11.145718
81bac815-97c5-4723-8f0b-4d8edfad1010,ポインター・シスターズ,,,,,,2021-09-02 15:32:11.145718
81bac815-97c5-4723-8f0b-4d8edfad1010,"Pointer Sisters, The",,,,,,2021-09-02 15:32:11.145718
81bac815-97c5-4723-8f0b-4d8edfad1010,The Pointers Sisters,,,,,,2021-09-02 15:32:11.145718
81bac815-97c5-4723-8f0b-4d8edfad1010,Pointer Sisters,,,,,,2021-09-02 15:32:11.145718
05088a61-5588-4892-82e6-337e57096a43,Giorgio Prezioso & Marvin,,,,,,2021-09-02 15:32:11.145718
05088a61-5588-4892-82e6-337e57096a43,Prezioso & Marvin,,,,,,2021-09-02 15:32:11.145718
05088a61-5588-4892-82e6-337e57096a43,GIORGIO PREZIOSO & MARVIN,,,,,,2021-09-02 15:32:11.145718
55704c38-224f-4b75-b29f-d43653f8bc9a,Scream Team,,,,,,2021-09-02 15:32:11.145718
55704c38-224f-4b75-b29f-d43653f8bc9a,Primal Sceam,,,,,,2021-09-02 15:32:11.145718
55704c38-224f-4b75-b29f-d43653f8bc9a,PRML SCRM,,,,,,2021-09-02 15:32:11.145718
329c77e3-a4ad-4770-9081-a5716a20ab70,Joe Paquette,Artist name,,,,,2021-09-02 15:32:11.145718
329c77e3-a4ad-4770-9081-a5716a20ab70,Joseph Paquette,Legal name,,,,,2021-09-02 15:32:11.145718
329c77e3-a4ad-4770-9081-a5716a20ab70,Prince Ital.,,,,,,2021-09-02 15:32:11.145718
1303b976-b862-4f04-94fd-a8d444e06714,"Proclaimers, The",,,,,,2021-09-02 15:32:11.145718
1303b976-b862-4f04-94fd-a8d444e06714,Proclaimers,,,,,,2021-09-02 15:32:11.145718
4a4ee089-93b1-4470-af9a-6ff575d32704,The Prodigy vs,Search hint,,,,,2021-09-02 15:32:11.145718
4a4ee089-93b1-4470-af9a-6ff575d32704,The Prodigy,Artist name,,,,,2021-09-02 15:32:11.145718
4a4ee089-93b1-4470-af9a-6ff575d32704,Prodigy,Artist name,en,,,,2021-09-02 15:32:11.145718
bf2e15d0-4b77-469e-bfb4-f8414415baca,Public Enemy,Artist name,,,,,2021-09-02 15:32:11.145718
76b2e842-5e85-4c97-ab62-d5bc315595b5,パルプ,Artist name,ja,,,,2021-09-02 15:32:11.145718
7dc8f5bd-9d0b-4087-9f73-dc164950bbd8,Queens Of The Stoneage,,,,,,2021-09-02 15:32:11.145718
7dc8f5bd-9d0b-4087-9f73-dc164950bbd8,QOTSA,Artist name,,,,,2021-09-02 15:32:11.145718
7dc8f5bd-9d0b-4087-9f73-dc164950bbd8,Queen Of Stoneage,,,,,,2021-09-02 15:32:11.145718
a74b1b7f-71a5-4011-9441-d0b5e4122711,r/head,Search hint,,,,,2021-09-02 15:32:11.145718
a74b1b7f-71a5-4011-9441-d0b5e4122711,电台司令,Artist name,zh,primary,,,2021-09-02 15:32:11.145718
a74b1b7f-71a5-4011-9441-d0b5e4122711,レディオヘッド,Artist name,ja,primary,,,2021-09-02 15:32:11.145718
a74b1b7f-71a5-4011-9441-d0b5e4122711,Radiohead & Thom Yorke,Search hint,,,,,2021-09-02 15:32:11.145718
a74b1b7f-71a5-4011-9441-d0b5e4122711,Radio Head,Search hint,,,,,2021-09-02 15:32:11.145718
bd5d07eb-dcb8-4d11-b873-908401e92ee4,Rank-1,,,,,,2021-09-02 15:32:11.145718
bd5d07eb-dcb8-4d11-b873-908401e92ee4,Rank One,,,,,,2021-09-02 15:32:11.145718
bd5d07eb-dcb8-4d11-b873-908401e92ee4,Rank1,,,,,,2021-09-02 15:32:11.145718
bd5d07eb-dcb8-4d11-b873-908401e92ee4,Ranki,,,,,,2021-09-02 15:32:11.145718
2ce02909-598b-44ef-a456-151ba0a3bd70,レイ・チャールズ,,,,,,2021-09-02 15:32:11.145718
2ce02909-598b-44ef-a456-151ba0a3bd70,Charles Ray,,,,,,2021-09-02 15:32:11.145718
2ce02909-598b-44ef-a456-151ba0a3bd70,Ray Charles Robinson,Legal name,,,,,2021-09-02 15:32:11.145718
8bfac288-ccc5-448d-9573-c33ea2aa5c30,Red Hot Chilly Peppers,,,,,,2021-09-02 15:32:11.145718
8bfac288-ccc5-448d-9573-c33ea2aa5c30,The Red Hot Chili Peppers,Artist name,en,,,,2021-09-02 15:32:11.145718
8bfac288-ccc5-448d-9573-c33ea2aa5c30,The Red Hot Chilli Peppers,,,,,,2021-09-02 15:32:11.145718
8bfac288-ccc5-448d-9573-c33ea2aa5c30,Red Hot Chilli Peppers,,,,,,2021-09-02 15:32:11.145718
8bfac288-ccc5-448d-9573-c33ea2aa5c30,RHCP,,,,,,2021-09-02 15:32:11.145718
bfcf00f6-65bb-4338-9211-5047e778b35a,Ludwig Alexander Hirtreiter,Legal name,,,,,2021-09-02 15:32:11.145718
2d1d8985-47bc-4244-8cc3-577584e411f6,Richard Aschroft,,,,,,2021-09-02 15:32:11.145718
2d1d8985-47bc-4244-8cc3-577584e411f6,Richard Paul Ashcroft,Legal name,,,,,2021-09-02 15:32:11.145718
70ea63ea-70dc-4b63-951a-2c249d2b3b0a,Ricky Marrtin,Search hint,,,,,2021-09-02 15:32:11.145718
70ea63ea-70dc-4b63-951a-2c249d2b3b0a,Rickey Martin,Search hint,,,,,2021-09-02 15:32:11.145718
70ea63ea-70dc-4b63-951a-2c249d2b3b0a,Enrique Martín Morales,Legal name,,,,,2021-09-02 15:32:11.145718
73e5e69d-3554-40d8-8516-00cb38737a1c,リアーナ,Artist name,ja,primary,,,2021-09-02 15:32:11.145718
73e5e69d-3554-40d8-8516-00cb38737a1c,蕾哈娜,,zh,primary,,,2021-09-02 15:32:11.145718
73e5e69d-3554-40d8-8516-00cb38737a1c,Rhianna,,,,,,2021-09-02 15:32:11.145718
73e5e69d-3554-40d8-8516-00cb38737a1c,Riannah,,,,,,2021-09-02 15:32:11.145718
73e5e69d-3554-40d8-8516-00cb38737a1c,Rihanna,Artist name,en,primary,,,2021-09-02 15:32:11.145718
73e5e69d-3554-40d8-8516-00cb38737a1c,RiRi,Artist name,,,,,2021-09-02 15:32:11.145718
73e5e69d-3554-40d8-8516-00cb38737a1c,Robyn Rihanna Fenty,Legal name,en,,,,2021-09-02 15:32:11.145718
73e5e69d-3554-40d8-8516-00cb38737a1c,Robyn R. Fenty,,,,,,2021-09-02 15:32:11.145718
73e5e69d-3554-40d8-8516-00cb38737a1c,Rhianna,Search hint,,,,,2021-09-02 15:32:11.145718
c9dd033c-0270-463c-b3ec-f4b7712486fe,Rita Sahatçiu Ora,Legal name,sq,,,,2021-09-02 15:32:11.145718
c9dd033c-0270-463c-b3ec-f4b7712486fe,Rita Sahatçiu,Artist name,sq,,,,2021-09-02 15:32:11.145718
b29c6896-8c6b-4ef5-9f33-57ba1131faac,R.M.B.,,,,,,2021-09-02 15:32:11.145718
b29c6896-8c6b-4ef5-9f33-57ba1131faac,RMB Trax 2,,,,,,2021-09-02 15:32:11.145718
c995a379-60b9-404b-bd97-a7e2de0751d3,Rob Straker,Search hint,,,,,2021-09-02 15:32:11.145718
c995a379-60b9-404b-bd97-a7e2de0751d3,Robert Bartleh Cummings,Legal name,,,1965-01-12,1996,2021-09-02 15:32:11.145718
c995a379-60b9-404b-bd97-a7e2de0751d3,Robert Cummings,,,,,,2021-09-02 15:32:11.145718
c995a379-60b9-404b-bd97-a7e2de0751d3,Robert Wolfgang Zombie,Legal name,,,1996,,2021-09-02 15:32:11.145718
db4624cf-0e44-481e-a9dc-2142b833ec2f,"Williams, Robbie",,,,,,2021-09-02 15:32:11.145718
db4624cf-0e44-481e-a9dc-2142b833ec2f,Robbie Willams,,,,,,2021-09-02 15:32:11.145718
db4624cf-0e44-481e-a9dc-2142b833ec2f,Robbie Williams.,,,,,,2021-09-02 15:32:11.145718
db4624cf-0e44-481e-a9dc-2142b833ec2f,R. Williams,,,,,,2021-09-02 15:32:11.145718
db4624cf-0e44-481e-a9dc-2142b833ec2f,Robert Williams,,,,,,2021-09-02 15:32:11.145718
db4624cf-0e44-481e-a9dc-2142b833ec2f,Robbie Wiilliams,,,,,,2021-09-02 15:32:11.145718
db4624cf-0e44-481e-a9dc-2142b833ec2f,Robert Peter Williams,Legal name,,,,,2021-09-02 15:32:11.145718
db4624cf-0e44-481e-a9dc-2142b833ec2f,Williams,,en,,,,2021-09-02 15:32:11.145718
e83144dd-bb95-49fe-b1dd-00bab25cca9e,DJ Robert Miles,,,,,,2021-09-02 15:32:11.145718
e83144dd-bb95-49fe-b1dd-00bab25cca9e,Rober Miles,,,,,,2021-09-02 15:32:11.145718
e83144dd-bb95-49fe-b1dd-00bab25cca9e,Robert M1les,,,,,,2021-09-02 15:32:11.145718
