Id,Type,Name,Country,Disambiguation,Gender,Begin,End,Ended,Datestamp
e2bd25ef-41c4-440a-b4e4-e7bcec4a3e39,Group,100 Proof (Aged in Soul),US,70s US funk/soul group,,1969,1973,true,2021-09-02 15:34:44.205388
c119e4b6-9e6d-4ec3-9799-d01d1e42c3d6,Group,101,BE,"Belgian electro project, not to be confused with One O One Electric Dream",,,,true,2021-09-02 15:34:44.205388
f37c537b-3557-4031-bfd6-ab63ced32854,Group,10cc,GB,,,1972,,false,2021-09-02 15:34:44.205388
9132d515-dc0e-4494-85ae-20f06eed14f9,Group,112,US,,,1996,,false,2021-09-02 15:34:44.205388
32dc3f24-253c-47ef-9f7c-157f8442f4a6,Group,113,FR,,,,,false,2021-09-02 15:34:44.205388
515b236c-cce1-4dc2-aedd-50de7b1736e2,Group,2 Unlimited,NL,"Eurodance band from Netherlands, with Ray & Anita",,1991,2002,true,2021-09-02 15:34:44.205388
605e3f29-a8a4-4880-bddd-b9abd73b1ac1,Group,Five Star,GB,"also styled as 5 Star, British pop/R&B group",,1983,,false,2021-09-02 15:34:44.205388
8e68819d-71be-4e7d-b41d-f1df81b01d3f,Person,50 Cent,US,,male,1975-07-06,,false,2021-09-02 15:34:44.205388
241a85e3-da78-437e-a511-c18c14792ccc,Group,Ace,GB,1970's UK rock band,,1972-12,1977-07,true,2021-09-02 15:34:44.205388
cc2c9c3c-b7bc-4b8b-84d8-4fbd8779e493,Person,Adele,GB,UK soul/jazz singer,female,1988-05-05,,false,2021-09-02 15:34:44.205388
ee58c59f-8e7f-4430-b8ca-236c4d3745ae,Person,Alice Cooper,US,the musician Vincent Damon Furnier,male,1948-02-04,,false,2021-09-02 15:34:44.205388
8ef1df30-ae4f-4dbd-9351-1a32b208a01e,Person,Alicia Keys,US,,female,1981-01-25,,false,2021-09-02 15:34:44.205388
705810d6-4dbd-42f1-be7f-1477625b6198,Person,Alisha,US,"US singer, Alisha Ann Itkin",female,1968-04-16,,false,2021-09-02 15:34:44.205388
f4fdbb4c-e4b7-47a0-b83b-d91bbfcfa387,Person,Ariana Grande,US,,female,1993-06-26,,false,2021-09-02 15:34:44.205388
906cbb69-b793-463a-832d-b5bf850f01a2,Group,Athlete,GB,,,2002-03,,false,2021-09-02 15:34:44.205388
add5f522-25df-41c4-815e-0ca9f60b83e4,Person,Ava Max,US,,female,1994-02-16,,false,2021-09-02 15:34:44.205388
1ba601a0-3401-4b28-8ddd-9af8203661e8,Group,The Lightning Seeds,GB,,,1989,,false,2021-09-02 15:34:44.205388
4f69a7a1-a499-48f7-b0f4-d9bf2270cbd8,Person,David Baddiel,GB,,,1964-05-28,,false,2021-09-02 15:34:44.205388
b10bbbfc-cf9e-42e0-be17-e2c3e1d2600d,Group,The Beatles,GB,,,1957-03,1970-04-10,true,2021-09-02 15:34:44.205388
176ca6ea-8ca6-4419-aade-243ddabe89be,Person,Billy Hendrix,,,,,,false,2021-09-02 15:34:44.205388
47c8f88b-987a-4b64-9175-2b1b57809727,Person,Billy Idol,GB,,male,1955-11-30,,false,2021-09-02 15:34:44.205388
8c538f11-c141-4588-8ecb-931083524186,Group,Bloc Party,GB,English indie rock band,,1999-08,,false,2021-09-02 15:34:44.205388
7ec554d3-ec3b-4ed8-b107-2f2e34f04301,Person,Boef,NL,Dutch rapper Sofiane Boussaadia,male,1993-02-28,,false,2021-09-02 15:34:44.205388
b42eca0f-9381-43db-badb-1cba080a7dc2,Group,Boyz II Men,US,,,1988,,false,2021-09-02 15:34:44.205388
9b8d6e2c-2b4e-4924-82ae-226b4e701f6b,Group,The Brand New Heavies,GB,,,1985,,false,2021-09-02 15:34:44.205388
3fbbb18b-e4aa-47e0-9135-84f02298519b,Group,Captain,GB,British alternative rock,,2005,2009,true,2021-09-02 15:34:44.205388
847e8a0c-cc20-4213-9e16-975515c2a926,Person,Céline Dion,CA,,female,1968-03-30,,false,2021-09-02 15:34:44.205388
3f5be744-e867-42fb-8913-5fd69e4099b5,Group,Chicago,US,American pop rock/jazz fusion band,,1967,,false,2021-09-02 15:34:44.205388
c707b37e-cb5c-4694-be4d-46beefcb2475,Person,Chris Rea,GB,,male,1951-03-04,,false,2021-09-02 15:34:44.205388
b202beb7-99bd-47e7-8b72-195c8d72ebdd,Person,Christina Aguilera,US,,female,1980-12-18,,false,2021-09-02 15:34:44.205388
fcb9bfd9-060c-467a-a203-6073d649acaa,,Chupito,,,,,,false,2021-09-02 15:34:44.205388
e24a10ec-55b4-408e-858a-3d348e5fa47c,Group,Clouseau,BE,Belgian pop group,,1984,,false,2021-09-02 15:34:44.205388
d41396da-ed4b-4d0a-a902-d4bcd39cef62,Person,College,FR,Producer from France,male,1979-07-02,,false,2021-09-02 15:34:44.205388
acf6c776-d0f6-4239-b5a2-a45a613ffa52,Group,The Corrs,IE,,,1990,,false,2021-09-02 15:34:44.205388
4b1a830b-0a1f-42e5-b8d5-1d6743912e99,Group,Creed,US,"US rock band from Tallahassee, FL",,1995,,false,2021-09-02 15:34:44.205388
f93bac9e-b20a-403e-abc9-06a2fc151df1,Person,Dave,GB,UK rapper Santan Dave,male,1998-06-05,,false,2021-09-02 15:34:44.205388
302bd7b9-d012-4360-897a-93b00c855680,Person,David Guetta,FR,,male,1967-11-07,,false,2021-09-02 15:34:44.205388
98720123-fcec-47be-9e88-29a310fb2942,Group,Dead or Alive,GB,UK new wave band,,1980,2011,true,2021-09-02 15:34:44.205388
68cbd980-66c5-4612-9bca-981b9e5c6916,Person,Dennis Yost,US,,male,1943,2008-12-07,true,2021-09-02 15:34:44.205388
b78f2e0f-1c86-45f8-a93a-c3cd87d16d72,Group,Classics IV,US,,,1965,,false,2021-09-02 15:34:44.205388
60d41417-feda-4734-bbbf-7dcc30e08a83,Person,Diana Ross,US,,female,1944-03-26,,false,2021-09-02 15:34:44.205388
614e3804-7d34-41ba-857f-811bad7c2b7a,Group,Dire Straits,GB,,,1977,1995,true,2021-09-02 15:34:44.205388
24eb15f6-cd5a-40df-8a98-389319d1c533,Person,DJ Flex,FR,"house artist David Terzian, key tracks ""Ready"", ""Amazing""",male,1976-03-22,,false,2021-09-02 15:34:44.205388
77049387-0580-4a3a-a05f-d12b5d6b5042,Person,DJ Fresh,GB,UK drum & bass DJ Dan Stein,male,1977-04-11,,false,2021-09-02 15:34:44.205388
d70416d3-c006-4a8b-aebd-91a4f198591f,Group,The Donnas,US,,,1992,,false,2021-09-02 15:34:44.205388
9fff2f8a-21e6-47de-a2b8-7f449929d43f,Person,Drake,CA,Canadian actor/rapper,male,1986-10-24,,false,2021-09-02 15:34:44.205388
ee20d564-25ca-4ef5-aba7-93a39f78ed60,Group,East 17,GB,,,1992,,false,2021-09-02 15:34:44.205388
3db42aef-5961-4c75-8f0f-432c9db2a894,Person,Eko Fresh,DE,,male,1983-09-03,,false,2021-09-02 15:34:44.205388
01809552-4f87-45b0-afff-2c6f0730a3be,Person,Elvis Presley,US,“The King of Rock and Roll”,male,1935-01-08,1977-08-16,true,2021-09-02 15:34:44.205388
b95ce3ff-3d05-4e87-9e01-c97b66af13d4,Person,Eminem,US,,male,1972-10-17,,false,2021-09-02 15:34:44.205388
153f885e-ee8c-4d0d-a072-5e3ae8151a04,Person,Enrico,NL,,,,,false,2021-09-02 15:34:44.205388
e22d2f66-881e-41ca-9356-544697ee5f90,Person,Etta James,US,,female,1938-01-25,2012-01-20,true,2021-09-02 15:34:44.205388
1ac10f5e-2079-4435-b78f-dda6ecdeba15,Person,Eve,US,US rapper/singer,female,1978-11-10,,false,2021-09-02 15:34:44.205388
516cef4d-0718-4007-9939-f9b38af3f784,Group,Fall Out Boy,US,,,2001,,false,2021-09-02 15:34:44.205388
88a4cd4e-5dee-4153-8462-0d5e43c75f47,Group,Feeder,GB,,,1995,,false,2021-09-02 15:34:44.205388
1c46e82f-4764-4d82-a33b-5d5aee5e2881,Person,Fergie,US,member of The Black Eyed Peas,female,1975-03-27,,false,2021-09-02 15:34:44.205388
6ae51665-8261-4ae5-883f-1899651ad31b,Group,Filter,,US rock group from Cleveland,,1993,,false,2021-09-02 15:34:44.205388
3199d132-4ba1-4dc4-bef6-f024d0e2443b,Group,Foxy,US,"70s/80s US disco/funk group, ""Get Off""",,1976,1980,true,2021-09-02 15:34:44.205388
23c28813-14ff-48fd-9c83-ffab31f26273,Group,French Affair,,,,1999,2009,true,2021-09-02 15:34:44.205388
ec415a58-84f3-400c-b5ee-78a6f76fa20f,Group,Full House,NL,1970s Dutch group,,,,false,2021-09-02 15:34:44.205388
48262e82-db9f-4a92-b650-dfef979b73ec,Person,Future,US,"US singer/rapper Nayvadius Wilburn, Dungeon Family associate",male,1983-11-20,,false,2021-09-02 15:34:44.205388
ce8ed9d3-26a7-4ada-8f39-be58cb4073d5,Group,Galleon,FR,French popgroup,,2001,,false,2021-09-02 15:34:44.205388
5e05d900-51e0-4dda-81e2-f4c0bd7ed5e6,Person,Gary Glitter,GB,,male,1944-05-08,,false,2021-09-02 15:34:44.205388
6cb79cb2-9087-44d4-828b-5c6fdff2c957,Person,Gary Numan,GB,,male,1958-03-08,,false,2021-09-02 15:34:44.205388
ccb8f30e-4d71-40c4-8b1d-846dafe73e2c,Person,George Michael,GB,,male,1963-06-25,2016-12-25,true,2021-09-02 15:34:44.205388
fe5fb618-2f8b-4158-92b6-464f31672bca,Group,Gerry and the Pacemakers,GB,,,1959,,false,2021-09-02 15:34:44.205388
747e5054-f50b-498c-bff3-85f7313aeb80,Person,Gino Vannelli,CA,,male,1952-06-16,,false,2021-09-02 15:34:44.205388
becd8cc6-a453-4183-af88-dedaaec859a6,Person,Gloria Estefan,US,,female,1957-09-01,,false,2021-09-02 15:34:44.205388
75336c3d-2833-46cb-8037-b835cd7d646d,Group,Golden Earring,NL,,,1961-09-02,2021-02-05,true,2021-09-02 15:34:44.205388
e21857d5-3256-4547-afb3-4b6ded592596,Group,Gorillaz,GB,virtual band,,1999,,false,2021-09-02 15:34:44.205388
084308bd-1654-436f-ba03-df6697104e19,Group,Green Day,US,,,1989,,false,2021-09-02 15:34:44.205388
4cf3cc48-f62d-4ff3-aa03-5e1014de16d7,Group,The Gun,GB,late ’60s UK psychedelic rock band,,1967,1970,true,2021-09-02 15:34:44.205388
8cd276d8-871a-4f03-818d-38ccfa95b833,Group,Gyrl,US,,,,,false,2021-09-02 15:34:44.205388
6508cf1d-4da2-4d71-81ec-0e072338991f,Person,Haddaway,DE,,male,1965-01-09,,false,2021-09-02 15:34:44.205388
01f4fb92-6bf0-4de5-83dc-3fe194e763bf,Group,Happy Mondays,GB,,,1985,1992,true,2021-09-02 15:34:44.205388
bdbd48f5-abf3-4a4f-9a21-4551dbc3fde9,Group,Heart,US,"rock band, Ann and Nancy Wilson",,1973,,false,2021-09-02 15:34:44.205388
db76f244-049f-440e-be53-cc5f3c0cdfb6,Person,Herb Alpert,,,male,1935-03-31,,false,2021-09-02 15:34:44.205388
08646fc2-d10c-48aa-98d0-4f342f55b6c2,Person,Herman van Keeken,,,male,1939-08-15,1995-06-02,true,2021-09-02 15:34:44.205388
ed0c90ee-4cc0-4928-8f61-93dbd7869eb9,Group,The Holloways,GB,,,2004,2011,true,2021-09-02 15:34:44.205388
a749130e-c2d8-4a7c-b740-908ea4574961,Group,Hot Chocolate,GB,70s and 80s British soul band,,1969,,false,2021-09-02 15:34:44.205388
b4691384-50c3-4afd-9988-51d3ec5db65d,Person,Hozier,IE,,male,1990-03-17,,false,2021-09-02 15:34:44.205388
9fe4e32c-f2fa-4c06-877e-b827e95c587b,Group,Ian Van Dahl,BE,,,2000,2008-01-16,true,2021-09-02 15:34:44.205388
1c0186b4-6f73-4186-a5fb-ed997ee0b6df,Person,Ilona Mitrecey,FR,,female,1993-09-01,,false,2021-09-02 15:34:44.205388
012151a8-0f9a-44c9-997f-ebd68b5389f9,Group,Imagine Dragons,US,,,2008,,false,2021-09-02 15:34:44.205388
4dfa56a1-df62-4962-ab6e-78b88d5016cb,Person,Ireen Sheer,GB,,female,1949-02-25,,false,2021-09-02 15:34:44.205388
ca891d65-d9b0-4258-89f7-e6ba29d83767,Group,Iron Maiden,GB,English heavy metal band,,1975-12-25,,false,2021-09-02 15:34:44.205388
eca85dd0-f1fb-4e83-8c47-61403f479254,Person,J Hus,GB,,male,1996-05-26,,false,2021-09-02 15:34:44.205388
9b64cf5d-1f4a-45b5-a84a-5109a88f178f,Person,Jack Peñate,GB,,male,1984-09-02,,false,2021-09-02 15:34:44.205388
e5257dc5-1edd-4fca-b7e6-1158e00522c8,Group,The Jackson 5,US,,,1966,,true,2021-09-02 15:34:44.205388
56f62fe8-d3a0-46e0-b5df-a64a8b4b4274,Person,James Arthur,GB,British winner of X Factor,male,1988-03-02,,false,2021-09-02 15:34:44.205388
20ff3303-4fe2-4a47-a1b6-291e26aa3438,Person,James Brown,US,“The Godfather of Soul”,male,1933-05-03,2006-12-25,true,2021-09-02 15:34:44.205388
f4857fb9-e255-4dc6-bd01-e4ca7cc68544,Group,Jamiroquai,GB,,,1992,,false,2021-09-02 15:34:44.205388
6be2828f-6c0d-4059-99d4-fa18acf1a296,Person,Janet Jackson,US,,female,1966-05-16,,false,2021-09-02 15:34:44.205388
a2507d4d-3387-4d31-a6e8-f2c9794fb37e,Person,Jax Jones,GB,,male,1987-07-25,,false,2021-09-02 15:34:44.205388
db8fad3a-e131-47a1-8782-c2ee93708cdd,Person,Bebe Rexha,US,,female,1989-08-30,,false,2021-09-02 15:34:44.205388
853dbc3e-8e00-4a1c-a2c4-8153eaa96e85,Person,Jenifer,FR,French pop singer,female,1982-11-15,,false,2021-09-02 15:34:44.205388
9d075d6e-9492-4343-ac95-93a808f61477,Person,Jesse McCartney,US,,male,1987-04-09,,false,2021-09-02 15:34:44.205388
d5bc8537-5bc5-4e37-915a-008c88436092,Person,Jimmie Rodgers,US,"1950s pop singer, born in 1933; ""Honeycomb"", ""Kisses Sweeter Than Wine""",male,1933-09-18,2021-01-18,true,2021-09-02 15:34:44.205388
2ec1b269-51b4-4876-b0d0-17c0374f9d93,Person,Jody Reynolds,US,,male,1932-12-03,2008-11-07,true,2021-09-02 15:34:44.205388
c035835b-16d3-40a6-bfa4-19e3f9081531,Person,John Spencer,NL,,male,1945-03-10,,false,2021-09-02 15:34:44.205388
237a5c07-9f54-4fa3-8002-508b75fc94f4,Person,Johnny Lion,NL,Dutch actor and singer John van Leeuwarden,male,1941-07-04,2019-01-31,true,2021-09-02 15:34:44.205388
ed29398b-bbf3-42a0-8eff-8631509c271d,Person,JoJo,US,US pop/R&B singer & actress Joanna Levesque,female,1990-12-20,,false,2021-09-02 15:34:44.205388
d62614aa-ef2c-44cd-8a7b-91292755a1d0,Person,Jorja Smith,GB,,female,1997-06-11,,false,2021-09-02 15:34:44.205388
abd506e1-6f2b-4d6f-b937-92c267f6f88b,Group,Journey,US,American rock band,,1973,,false,2021-09-02 15:34:44.205388
1e83d617-ce32-4168-97d2-270808a1563c,Person,Juju,DE,Judith Wessendorf,female,1992-11-20,,false,2021-09-02 15:34:44.205388
8e6c44df-06fc-4852-83d0-ef0efed6630a,Person,Jul,FR,French male singer,male,1990-01-14,,false,2021-09-02 15:34:44.205388
09d878d8-bc2e-4d04-b4aa-57ab614f93ab,Person,Julian Cope,GB,,male,1957-10-21,,false,2021-09-02 15:34:44.205388
16231a34-9ccd-410e-8690-f74e98fe16a4,Group,Juno Reactor,,,,1990,,false,2021-09-02 15:34:44.205388
e0140a67-e4d1-4f13-8a01-364355bee46e,Person,Justin Bieber,CA,,male,1994-03-01,,false,2021-09-02 15:34:44.205388
a62e299b-4707-4ff5-ad53-d80b2b03319d,Person,Kane Brown,US,,male,1993-10-21,,false,2021-09-02 15:34:44.205388
164f0d73-1234-4e2c-8743-d77bf2191051,Person,Kanye West,,,male,1977-06-08,,false,2021-09-02 15:34:44.205388
4b585938-f271-45e2-b19a-91c634b5e396,Person,Kate Bush,GB,,female,1958-07-30,,false,2021-09-02 15:34:44.205388
89d746b8-7d18-4baf-8cee-659b07771568,Person,Kate Ryan,BE,Belgian singer and songwriter,female,1980-07-22,,false,2021-09-02 15:34:44.205388
ceb05831-03e8-4605-904d-894ee0492d00,Person,Kate Winslet,GB,,female,1975-10-05,,false,2021-09-02 15:34:44.205388
1482ba1f-6b74-48f6-9ccb-e4cd5d615f0d,Person,Katja Ebstein,DE,,female,1945-03-09,,false,2021-09-02 15:34:44.205388
2c81a086-5f72-4ece-a890-bf26fd0090c1,Person,Keisha White,GB,,female,1988-03-31,,false,2021-09-02 15:34:44.205388
d339efbb-77b9-4147-ba9e-59f2f24550b2,Person,Kelly Clarkson,US,,female,1982-04-24,,false,2021-09-02 15:34:44.205388
31bea673-d23a-4889-8da1-7cb040863268,Person,Kelly Rowland,US,,female,1981-02-11,,false,2021-09-02 15:34:44.205388
3f1bb8fe-c06f-4114-9078-25eecb066e64,Person,Kenny Thomas,GB,,male,1969,,false,2021-09-02 15:34:44.205388
ad0ecd8b-805e-406e-82cb-5b00c3a3a29e,Person,Kid Rock,US,American singer/rapper,male,1971-01-17,,false,2021-09-02 15:34:44.205388
6ffb8ea9-2370-44d8-b678-e9237bbd347b,Group,Kings of Leon,US,,,1999,,false,2021-09-02 15:34:44.205388
bc8e482e-747b-4620-900e-1d5a6202ffbd,Group,Kitschkrieg,,german producer trio,,,,false,2021-09-02 15:34:44.205388
919bb117-4ea8-4107-a924-80fe7ce95f56,Group,KOD,,,,,,false,2021-09-02 15:34:44.205388
e17e7a91-2542-45b2-aae5-94d200bf8fc7,Person,Kris,DE,"German singer, member of Revolverheld",male,,,false,2021-09-02 15:34:44.205388
9ce29a24-b118-41a3-9297-2618f26b124d,Person,Kris Allen,US,,male,1985-06-21,,false,2021-09-02 15:34:44.205388
ba0e7638-0cd6-4ff4-8987-c3e224d22c23,Person,Kygo,NO,Norwegian DJ & producer Kyrre Gørvell-Dahll a.k.a. ※,male,1991-09-11,,false,2021-09-02 15:34:44.205388
2fddb92d-24b2-46a5-bf28-3aed46f4684c,Person,Kylie Minogue,AU,,female,1968-05-28,,false,2021-09-02 15:34:44.205388
85fb3beb-7aba-4eb1-b67f-c872bfe48e8b,Group,L5,FR,,,,,false,2021-09-02 15:34:44.205388
998f1ece-a2b0-47d2-93df-17553430ab73,Person,La Fouine,FR,,male,1981-12-25,,false,2021-09-02 15:34:44.205388
f1a6f71c-eb25-4cf0-97e3-371f678bf8cc,Person,Gaga,HU,"techno, alias for Gábor Szabó",male,,,false,2021-09-02 15:34:44.205388
ce402926-ad80-4555-a24b-fca1dc84911a,Person,Larusso,FR,French female singer,female,1979-04-11,,false,2021-09-02 15:34:44.205388
e47fbf55-6aeb-4f6c-81f7-6dfdc7452539,Person,Lazyboy,,Søren Nystrøm Rasted,,,,false,2021-09-02 15:34:44.205388
8f2fb138-2beb-4b4e-bed5-d0d33895aa5e,Person,Leila K,SE,Swedish Eurodance singer,female,1971-09-06,,false,2021-09-02 15:34:44.205388
74df4e2f-fe75-4b4a-87c5-3f1b4bc95aa2,Person,Leo Sayer,GB,,male,1948-05-21,,false,2021-09-02 15:34:44.205388
8d552dfc-648f-401f-90de-e925013ca537,Person,Leona Lewis,GB,,female,1985-04-03,,false,2021-09-02 15:34:44.205388
526aab94-697f-44a9-b630-41d1c0505953,Person,Lewis Capaldi,GB,,male,1996-10-17,,false,2021-09-02 15:34:44.205388
c9cd225b-4883-428e-82c2-73e0b6282fb6,Person,Lil Durk,US,Chicago rapper,male,1992-10-19,,false,2021-09-02 15:34:44.205388
6a4879ec-4f3e-48e0-8e5b-a75c36af1855,Group,The Lilac Time,GB,,,1986,,false,2021-09-02 15:34:44.205388
062a2cc3-21ec-4868-910d-23c442f704d3,Group,Lime,,Canadian synth/disco group,,1981,,false,2021-09-02 15:34:44.205388
9625f8fc-6e09-4ec1-ad91-1bd7aa546d4b,Group,Liner,,,,1978,1979,true,2021-09-02 15:34:44.205388
f59c5520-5f46-4d2c-b2c4-822eabf53419,Group,Linkin Park,US,American rock band,,1999,,false,2021-09-02 15:34:44.205388
a4dd0e77-83b8-4e92-89b7-effb0e47fd8c,Person,LL Cool J,US,,male,1968-01-14,,false,2021-09-02 15:34:44.205388
6e67c3cc-5e38-44a3-be96-d2a6446ded5b,Group,Longview,GB,UK rock band,,2001,2015,true,2021-09-02 15:34:44.205388
ef6e2e49-aa93-41bd-89b0-8c7d2f260a83,Group,Lostprophets,,,,1997,2013-10-01,true,2021-09-02 15:34:44.205388
4600b3b7-57ad-410d-b65d-ca0df36822dd,Person,Luciano,DE,German rapper,male,1994-01-28,,false,2021-09-02 15:34:44.205388
fed89e3b-6532-475d-93fd-4b927b4b444f,Person,Luminaire,,,male,,,false,2021-09-02 15:34:44.205388
8be5d1de-e925-4e9f-b410-6d702cd8dcaa,Group,Luscious Jackson,US,,,1991,2000,true,2021-09-02 15:34:44.205388
6d7b7cd4-254b-4c25-83f6-dd20f98ceacd,Group,M83,FR,,,2001,,false,2021-09-02 15:34:44.205388
79239441-bfd5-4981-a70c-55c3f15c1287,Person,Madonna,US,"American singer-songwriter, actress, businesswoman, “Queen of Pop”",female,1958-08-16,,false,2021-09-02 15:34:44.205388
7520c1b4-59fe-4874-8a5f-6d4e6e36e98d,Group,Madrugada,NO,Norwegian rock band,,1995,2008,true,2021-09-02 15:34:44.205388
e1b8a268-97fe-4bf7-b538-54814d403806,Person,Magic Box,IT,"Tristano de Bonis, Italian dance singer and composer",male,1976-02-03,,false,2021-09-02 15:34:44.205388
dfa02816-bf7b-4229-81e7-3e3d7a29537d,Person,Mandy Smith,GB,,,1970-07-17,,false,2021-09-02 15:34:44.205388
d67e6b0a-d2c6-4e4a-ba30-7834701535a1,Person,Marc Almond,GB,English pop singer and songwriter,male,1956-07-09,,false,2021-09-02 15:34:44.205388
f07b0d13-ef03-4537-a5b4-9474e71a578f,Person,Marco Borsato,NL,,male,1966-12-21,,false,2021-09-02 15:34:44.205388
494e8d09-f85b-4543-892f-a5096aed1cd4,Person,Mariah Carey,US,,female,1969-03-27,,false,2021-09-02 15:34:44.205388
1932f5b6-0b7b-4050-b1df-833ca89e5f44,Group,Marillion,GB,British progressive rock band,,1979,,false,2021-09-02 15:34:44.205388
5dfdca28-9ddc-4853-933c-8bc97d87beec,Group,Marilyn Manson,US,the band,,1989,,false,2021-09-02 15:34:44.205388
c3c82bdc-d9e7-4836-9746-c24ead47ca19,Person,Mark Ronson,GB,UK pop & hip hop producer,male,1975-09-04,,false,2021-09-02 15:34:44.205388
06db73fd-57e2-4a6f-bcd3-699fb7bb7af4,Person,Martin Solveig,FR,,male,1976-09-22,,false,2021-09-02 15:34:44.205388
2f96b6f8-40bb-4092-adba-45ee900ffd3f,Group,Maskinen,SE,,,2007,,false,2021-09-02 15:34:44.205388
10adbe5e-a2c0-4bf3-8249-2b4cbf6e6ca8,Group,Massive Attack,,,,1987,,false,2021-09-02 15:34:44.205388
24410e2a-1024-4662-8f47-f48b14b5d991,Group,Maxx,DE,1990s German Eurodance project,,1993,1995,true,2021-09-02 15:34:44.205388
bbbd2644-b4cb-4bb5-a442-315310f68a0b,Person,MC Solaar,FR,,male,1969-03-05,,false,2021-09-02 15:34:44.205388
b134d1bf-c7c7-4427-93ac-9fdbc2b59ef1,Person,Meat Loaf,US,,male,1947-09-27,,false,2021-09-02 15:34:44.205388
620efc10-77da-428f-9d78-2ebc75760f46,Group,Members of Mayday,DE,,,1991,2014-02-04,true,2021-09-02 15:34:44.205388
65f4f0c5-ef9e-490c-aee3-909e7ae6b2ab,Group,Metallica,US,,,1981-10-28,,false,2021-09-02 15:34:44.205388
e8bee5d1-a3a5-4c1a-ada4-f1ca22101e84,Person,Michael Bolton,US,,male,1953-02-26,,false,2021-09-02 15:34:44.205388
f27ec8db-af05-4f36-916e-3d57f91ecf5e,Person,Michael Jackson,US,“King of Pop”,male,1958-08-29,2009-06-25,true,2021-09-02 15:34:44.205388
82af8384-5687-4aff-93d0-eed97c93a420,Person,Michael Watford,,,male,,,false,2021-09-02 15:34:44.205388
199a1272-fc60-4bd9-8406-0c9a91d33674,Person,Michelle Gayle,GB,,female,1971-02-02,,false,2021-09-02 15:34:44.205388
24cac374-29bd-499f-a0f8-72165d2f2f43,Person,Midge Ure,GB,,male,1953-10-10,,false,2021-09-02 15:34:44.205388
d22704f3-dcf9-4318-b6bb-9eedf565aafa,Person,Mike Candys,CH,,male,1971,,false,2021-09-02 15:34:44.205388
a1684a49-feaa-4150-b758-d9412fc59f12,Person,Mike Oldfield,GB,,male,1953-05-15,,false,2021-09-02 15:34:44.205388
7e9bd05a-117f-4cce-87bc-e011527a8b18,Person,Miley Cyrus,US,,other,1992-11-23,,false,2021-09-02 15:34:44.205388
67bb73ee-e70c-4bfd-9bf1-e7a09768f9a9,Group,Milk Inc.,BE,Belgium dance band,,1996,,false,2021-09-02 15:34:44.205388
4eca1aa0-c79f-481b-af8a-4a2d6c41aa5c,Person,Miranda Lambert,US,,female,1983-11-10,,false,2021-09-02 15:34:44.205388
84231cd8-3c7e-44f3-84d4-b1ab539d0a61,Person,Misty Oldland,GB,,female,,,false,2021-09-02 15:34:44.205388
b1702b3d-36e7-4a77-b37a-72327ca49a57,Group,MN8,GB,,,1992,1999,true,2021-09-02 15:34:44.205388
8970d868-0723-483b-a75b-51088913d3d4,Person,Moby,US,electronic musician Richard Melville Hall,male,1965-09-11,,false,2021-09-02 15:34:44.205388
17559120-b3f5-48f4-a807-3c06163f6acb,Group,Mondo Rock,AU,,,1977,1991,true,2021-09-02 15:34:44.205388
2077273e-eaa1-4f49-903c-f286ededecb9,Person,Morgan Wallen,US,,male,1993-05-13,,false,2021-09-02 15:34:44.205388
6255d25c-8231-4ff5-9b49-e26d760d6466,Group,Mr. President,DE,,,1991,2008,true,2021-09-02 15:34:44.205388
9c9f1380-2516-4fc9-a3e6-f9f61941d090,Group,Muse,GB,UK rock band,,1994,,false,2021-09-02 15:34:44.205388
ee37ea5a-faac-480a-bdc2-5e71f25b8ef0,Group,Nacash,FR,French group,,,,false,2021-09-02 15:34:44.205388
cfbc0924-0035-4d6c-8197-f024653af823,Person,Nas,,US rapper,male,1973-09-14,,false,2021-09-02 15:34:44.205388
eb45032c-80da-469c-be20-1d09f08ef37f,Person,Natalie Cole,US,,female,1950-02-06,2015-12-31,true,2021-09-02 15:34:44.205388
3bdcd49d-212e-4f4f-877a-eac1e4a2bddc,Group,Naughty by Nature,US,,,1989,,false,2021-09-02 15:34:44.205388
75167b8b-44e4-407b-9d35-effe87b223cf,Person,Neil Young,CA,"Canadian singer, songwriter & musician",male,1945-11-12,,false,2021-09-02 15:34:44.205388
811900b2-68fc-4d41-8bad-69b7a1f4d628,Person,Nelly,US,US rapper,male,1974-11-02,,false,2021-09-02 15:34:44.205388
13655113-cd16-4b43-9dca-cadbbf26ee05,Person,Nelly Furtado,CA,,female,1978-12-02,,false,2021-09-02 15:34:44.205388
f1106b17-dcbb-45f6-b938-199ccfab50cc,Group,New Order,GB,UK synth pop band,,1980,,false,2021-09-02 15:34:44.205388
ef0344c6-e24d-4fd3-be7e-c4eb9f62be2d,Person,Newton Faulkner,GB,,male,1985-01-11,,false,2021-09-02 15:34:44.205388
bc710bcf-8815-42cf-bad2-3f1d12246aeb,Group,Nickelback,CA,,,1995,,false,2021-09-02 15:34:44.205388
15316b5d-232c-4288-a74e-14f9912a5b1d,Person,Nico Santos,DE,,male,1993-01-07,,false,2021-09-02 15:34:44.205388
a29b8b11-6654-4c27-8e21-e79b12042c52,Person,Barbara Nesbitt,,,female,,,false,2021-09-02 15:34:44.205388
5b11f4ce-a62d-471e-81fc-a69a8278c7da,Group,Nirvana,US,90s US grunge band,,1988-01,1994-04-05,true,2021-09-02 15:34:44.205388
d5f54887-117b-42a1-9aee-8780b84ebaba,Group,Noel Gallagher’s High Flying Birds,GB,,,2011,,false,2021-09-02 15:34:44.205388
985c709c-7771-4de3-9024-7bda29ebe3f9,Person,Norah Jones,US,,female,1979-03-30,,false,2021-09-02 15:34:44.205388
0096e98d-7dc7-437a-957a-6719ff1a0f20,Group,Normaal,NL,,,1973,,false,2021-09-02 15:34:44.205388
4976d8ce-96ac-4382-af56-535698f83d35,Group,Nush,GB,90s UK house,,,,false,2021-09-02 15:34:44.205388
39ab1aed-75e0-4140-bd47-540276886b60,Group,Oasis,GB,1991-2009 Britpop,,1991,2009-08-28,true,2021-09-02 15:34:44.205388
601d793d-7e96-4bb6-b4a6-712d5c926259,Group,Ocean Colour Scene,GB,,,1990,,false,2021-09-02 15:34:44.205388
5083e4bf-3246-4ab9-a6d3-23be8db8db2c,Person,Olivia Ruiz,FR,,female,1980-01-01,,false,2021-09-02 15:34:44.205388
8c41073b-4229-4eda-b45d-34513ed61304,Person,Omar,GB,British soul singer Omar Lye-Fook,male,1968-10-14,,false,2021-09-02 15:34:44.205388
4e728a02-5bcd-426b-abe2-5537c921756d,Group,One Night Only,GB,,,2003,,false,2021-09-02 15:34:44.205388
c33c2065-b1c3-4406-b066-d33a9e2ea71a,Group,OneRepublic,US,,,2004,,false,2021-09-02 15:34:44.205388
82b1f5fd-cd31-41a9-b5d4-7e33f0eb9751,Person,Otis Redding,US,,male,1941-09-09,1967-12-10,true,2021-09-02 15:34:44.205388
73fdb566-a9b1-494c-9f32-51768ec9fd27,Group,OutKast,US,,,1991,,false,2021-09-02 15:34:44.205388
ad279295-653f-42e1-9aaa-b731df2e78ba,Person,Owl City,US,,male,1986-07-05,,false,2021-09-02 15:34:44.205388
1f7b9d53-e7f2-4a05-b7e5-12c1a572204c,Person,Pandora,SE,Swedish eurodance singer,female,1970-06-20,,false,2021-09-02 15:34:44.205388
e58ae396-5050-4640-a5d1-8826b5c4ba13,Person,Patti Austin,US,,female,1950-08-10,,false,2021-09-02 15:34:44.205388
f4e05f94-1c2c-4d89-8fdd-3b2ee723fbdc,Person,Paul Koulak,FR,,male,1943-03-27,2021-06-28,true,2021-09-02 15:34:44.205388
ba550d0e-adac-4864-b88b-407cab5e76af,Person,Paul McCartney,GB,The Beatles,male,1942-06-18,,false,2021-09-02 15:34:44.205388
c4406045-e640-4cfe-8b88-4732cce314d4,Person,Paul Weller,GB,,male,1958-05-25,,false,2021-09-02 15:34:44.205388
83b9cbe7-9857-49e2-ab8e-b57b01038103,Group,Pearl Jam,US,,,1990,,false,2021-09-02 15:34:44.205388
be540c02-7898-4b79-9acc-c8122c7d9e83,Group,Pet Shop Boys,GB,,,1981-08-19,,false,2021-09-02 15:34:44.205388
090e9c0a-6767-49e0-8f51-84a43226a174,Person,Peter Andre,AU,,male,1973-02-27,,false,2021-09-02 15:34:44.205388
41794418-5094-43e4-8165-a7b8df4d8592,Person,Peter Schaap,,,male,1946-10-24,,false,2021-09-02 15:34:44.205388
d6a38384-02bd-4db8-8da6-e3ea22147be2,Person,Phil Barney,FR,,male,1957-02-02,,false,2021-09-02 15:34:44.205388
401c3991-b76b-499d-8082-9f2df958ef78,Person,Phil Collins,GB,of Genesis,male,1951-01-30,,false,2021-09-02 15:34:44.205388
ea98ec56-8ce2-42e2-b653-b5c649ec4065,Person,Piet Veerman,NL,,male,1943-03-01,,false,2021-09-02 15:34:44.205388
d262ea27-3ffe-40f7-b922-85c42d625e67,Person,Pitbull,US,"Armando Christian Pérez, american rapper, songwriter and record producer",male,1981-01-15,,false,2021-09-02 15:34:44.205388
847e8284-8582-4b0e-9c26-b042a4f49e57,Group,Placebo,GB,UK alternative rock band,,1994,,false,2021-09-02 15:34:44.205388
bf5e4520-1938-49c4-befa-7bc723455343,Person,Plastic Boy,BE,,male,1973-02-20,,false,2021-09-02 15:34:44.205388
8105b12c-fddf-4f23-bcd7-fb0161789085,Group,Pleasure Game,BE,,,1989,,false,2021-09-02 15:34:44.205388
b0f3a730-97b3-4f85-8f79-09be8b8b0f05,Group,Poco Loco Gang,BE,,,,,false,2021-09-02 15:34:44.205388
81bac815-97c5-4723-8f0b-4d8edfad1010,Group,The Pointer Sisters,US,,,1969,,false,2021-09-02 15:34:44.205388
c79c43d4-cbed-4373-89ce-6560f62eb7d8,Group,Poison,US,US glam metal band,,1983,,false,2021-09-02 15:34:44.205388
05088a61-5588-4892-82e6-337e57096a43,Group,Prezioso feat. Marvin,IT,group,,,,false,2021-09-02 15:34:44.205388
55704c38-224f-4b75-b29f-d43653f8bc9a,Group,Primal Scream,GB,Scottish rock band,,1982,,false,2021-09-02 15:34:44.205388
329c77e3-a4ad-4770-9081-a5716a20ab70,Person,Prince Ital Joe,US,,male,1963-05-05,2001-05-16,true,2021-09-02 15:34:44.205388
1303b976-b862-4f04-94fd-a8d444e06714,Group,The Proclaimers,,,,1983,,false,2021-09-02 15:34:44.205388
4a4ee089-93b1-4470-af9a-6ff575d32704,Group,The Prodigy,GB,"UK electronic group, main member Liam Howlett",,1990,,false,2021-09-02 15:34:44.205388
bf2e15d0-4b77-469e-bfb4-f8414415baca,Group,Public Enemy,US,US rap group,,1985,,false,2021-09-02 15:34:44.205388
76b2e842-5e85-4c97-ab62-d5bc315595b5,Group,Pulp,GB,,,1978,,false,2021-09-02 15:34:44.205388
0383dadf-2a4e-4d10-a46a-e9e041da8eb3,Group,Queen,GB,UK rock group,,1970-06-27,,false,2021-09-02 15:34:44.205388
7dc8f5bd-9d0b-4087-9f73-dc164950bbd8,Group,Queens of the Stone Age,US,,,1996,,false,2021-09-02 15:34:44.205388
a74b1b7f-71a5-4011-9441-d0b5e4122711,Group,Radiohead,GB,,,1991,,false,2021-09-02 15:34:44.205388
bd5d07eb-dcb8-4d11-b873-908401e92ee4,Group,Rank 1,NL,,,1997,,false,2021-09-02 15:34:44.205388
2ce02909-598b-44ef-a456-151ba0a3bd70,Person,Ray Charles,US,"soul musician, singer and songwriter",male,1930-09-23,2004-06-10,true,2021-09-02 15:34:44.205388
80c0829a-9fcf-49d9-9987-c84e8bfa8b9e,Group,The Real People,GB,,,1988,,false,2021-09-02 15:34:44.205388
8bfac288-ccc5-448d-9573-c33ea2aa5c30,Group,Red Hot Chili Peppers,US,,,1983,,false,2021-09-02 15:34:44.205388
d64758a9-5950-465e-8d5f-fb7a7ecd4843,Person,René Froger,NL,,male,1960-11-05,,false,2021-09-02 15:34:44.205388
bfcf00f6-65bb-4338-9211-5047e778b35a,Person,Rex Gildo,DE,German actor and schlager singer,male,1936-07-02,1999-10-26,true,2021-09-02 15:34:44.205388
2d1d8985-47bc-4244-8cc3-577584e411f6,Person,Richard Ashcroft,GB,,male,1971-09-11,,false,2021-09-02 15:34:44.205388
70ea63ea-70dc-4b63-951a-2c249d2b3b0a,Person,Ricky Martin,PR,"Puerto Rican singer, actor, author & King of latin pop",male,1971-12-24,,false,2021-09-02 15:34:44.205388
73e5e69d-3554-40d8-8516-00cb38737a1c,Person,Rihanna,,Barbadian R&B/pop singer,female,1988-02-20,,false,2021-09-02 15:34:44.205388
c9dd033c-0270-463c-b3ec-f4b7712486fe,Person,Rita Ora,GB,,female,1990-11-26,,false,2021-09-02 15:34:44.205388
b29c6896-8c6b-4ef5-9f33-57ba1131faac,Group,RMB,DE,,,1991,2005,true,2021-09-02 15:34:44.205388
c995a379-60b9-404b-bd97-a7e2de0751d3,Person,Rob Zombie,US,,male,1965-01-12,,false,2021-09-02 15:34:44.205388
db4624cf-0e44-481e-a9dc-2142b833ec2f,Person,Robbie Williams,GB,,male,1974-02-13,,false,2021-09-02 15:34:44.205388
49e26070-0937-4178-a549-6bbe3c36f282,Person,"Robert Downey, Jr.",US,,male,1965-04-04,,false,2021-09-02 15:34:44.205388
e83144dd-bb95-49fe-b1dd-00bab25cca9e,Person,Robert Miles,IT,"Swiss-Italian producer, composer, musician and DJ",male,1969-11-03,2017-05-09,true,2021-09-02 15:34:44.205388
