Id,Type,Name,LabelCode,Datestamp
bc754035-22bf-404b-96c6-53d562e1778b,Original Production,Mercury Records Ltd.,,2021-09-02 20:08:22.638999
ea46cb89-f89a-4018-b226-aa82a6c89659,,Armadillo,,2021-09-02 20:08:22.638999
bf5e9d7b-2f56-4c09-9298-cd7dbb12edad,Holding,Phonogram International B.V.,,2021-09-02 20:08:22.638999
6eb15b81-12ba-4dd7-b366-a02572a89b92,Holding,"Phonogram, Inc.",,2021-09-02 20:08:22.638999
1e31aef1-c958-4777-bfb2-f1926db7d731,,Wienerworld,,2021-09-02 20:08:22.638999
2b67d31c-f455-47c7-9ac4-f11fcaaba956,Holding,Jonathan King Enterprises,,2021-09-02 20:08:22.638999
e031acae-5e0c-4982-a447-9a1259fc5f85,Holding,Strawberry Productions,,2021-09-02 20:08:22.638999
a2f2d119-ffa2-4265-b743-61a4d25c2bcb,,Jonathan King Enterprises Ltd.,,2021-09-02 20:08:22.638999
e73fdef0-24b5-4ee2-893a-d70cc26110c6,Holding,Phonogram Ltd.,,2021-09-02 20:08:22.638999
57894de7-fc30-42c3-be2a-328bc2e06e95,Original Production,Dome Records,,2021-09-02 20:08:22.638999
4ee8b26e-e11c-4d89-b1cf-3337348ce2d1,Holding,Dome Records Ltd,,2021-09-02 20:08:22.638999
3c7342af-8c47-485d-9c8e-6d37a54e2d39,Holding,Phonogram Ltd. (London),,2021-09-02 20:08:22.638999
6e021567-ec4f-4e2e-854d-d1e7ad7eca83,,Mercury Records Ltd. (London),,2021-09-02 20:08:22.638999
3fb247a9-adad-477b-9795-ab122ec4e05f,,Avex UK,,2021-09-02 20:08:22.638999
bb8b67fd-0366-428b-a9fd-a3347c8c63fe,,Revvolution,,2021-09-02 20:08:22.638999
35f883b8-7475-4531-b9c2-bc1b7900cf27,,"Arista Records, Inc.",,2021-09-02 20:08:22.638999
4f89f963-9df7-4cb1-bbe6-12b2e63f9832,Production,"Bad Boy Entertainment, Inc.",,2021-09-02 20:08:22.638999
29d43312-a8ed-4d7b-9f4e-f5650318aebb,Imprint,Bad Boy Records,,2021-09-02 20:08:22.638999
a5d3b2b8-98bc-47e3-aac8-456a7d2c71cd,Original Production,Puff Daddy Records,,2021-09-02 20:08:22.638999
d541f93f-d3e5-4b1b-a5a2-0e0642bf5c03,Publisher,"Puff Daddy Entertainment, Inc.",,2021-09-02 20:08:22.638999
8d4e5a7c-2ad7-472c-892a-d72ab6326fff,,"Da Twelve Music, Inc.",,2021-09-02 20:08:22.638999
5260db49-70db-4890-b1ee-7fb10b435b0d,,Pave Productions,,2021-09-02 20:08:22.638999
bf99511a-954e-4a59-a101-d174f555120d,,DPS Productions,,2021-09-02 20:08:22.638999
ac875dd6-a205-4165-a63b-375a6bb1fc01,,"Darp, Inc.",,2021-09-02 20:08:22.638999
e41dc06f-4766-4dd9-b608-f3fbec7196f5,,Funktwons,,2021-09-02 20:08:22.638999
c9ecb3cf-ed8c-4f48-b99a-7d63ed12d89b,Holding,The Island Def Jam Music Group,8427,2021-09-02 20:08:22.638999
7079bd75-bd88-41c1-bc15-6cc10f715fd2,Publisher,Da 12 Music,,2021-09-02 20:08:22.638999
49a141c4-3f60-4ac6-b00e-5dd21aad62ed,,"Milk Money Consulting, Inc.",,2021-09-02 20:08:22.638999
f4a4dcce-36c7-4a97-b99f-d5ebacc0deb2,,S. Garrett Inc.,,2021-09-02 20:08:22.638999
f1541529-78ae-4af1-97ed-672603f6dfee,,"StarBound Productions, Inc.",,2021-09-02 20:08:22.638999
98142234-5ae6-4477-bce5-0d4f07842bcf,,"K. Wales Music, Inc.",,2021-09-02 20:08:22.638999
57d4e59b-48e3-4a5d-85cf-3f99837f1e33,,Alvin Speights Engineering,,2021-09-02 20:08:22.638999
39d47ba1-16eb-44f0-be98-8d75cf730f4f,,"State of Mind Muzic, Inc.",,2021-09-02 20:08:22.638999
7d55cd8f-8b3f-426f-83bb-196e59cd7221,,The Hitmen,,2021-09-02 20:08:22.638999
d3787c5b-d8f4-4bb7-9a27-c382a3083b09,,Yellow City Entertainment,,2021-09-02 20:08:22.638999
635b9d63-05c1-46ff-a577-0ce030e6e84b,,Bad Boy Entertainment,3484,2021-09-02 20:08:22.638999
6a41b3a3-14a0-4fd5-bff9-365ad511964a,,ZoneEntertainment,,2021-09-02 20:08:22.638999
cac70f08-84a1-4df7-871a-8010879fd8c1,,"Golden City Entertainment, Inc.",,2021-09-02 20:08:22.638999
5a2e3132-d65e-4a70-bcf4-11d43320f4fa,,Blackbaby Inc.,,2021-09-02 20:08:22.638999
3f691b68-67ad-4bdc-ab43-220b87fa60e2,,"So So Def Productions, Inc.",,2021-09-02 20:08:22.638999
903f756b-3570-4560-90e6-5f14293d593e,Production,Superman Productions,,2021-09-02 20:08:22.638999
90f6ca03-044f-402a-aec2-1510ef823388,,Lilly Love Music,,2021-09-02 20:08:22.638999
1e8cb5f7-68e2-4f51-999d-205931378895,Original Production,My Block Records,,2021-09-02 20:08:22.638999
b146bba8-90ec-4f15-85ca-499bd09756fa,Original Production,"GSBIIEntertainment, Inc",,2021-09-02 20:08:22.638999
acbdba5e-cc73-49ee-bc40-1c31bc58bc98,,a-FOC.aliptic Music Works,,2021-09-02 20:08:22.638999
49375f06-59e2-4c94-93ac-ac0c6df52151,Publisher,MCA Music,,2021-09-02 20:08:22.638999
f79d7ccf-442a-4998-846e-51ec520136cd,Original Production,Byte Records,,2021-09-02 20:08:22.638999
e45b0a07-39aa-471e-b6e8-cea23e2c0b03,Original Production,Critique Records,,2021-09-02 20:08:22.638999
58d8ffee-9f54-4242-a253-007b7c666a47,Original Production,Radikal Records,,2021-09-02 20:08:22.638999
427dd3c2-f962-4b08-a5e8-8d5b8471e738,,Toco,,2021-09-02 20:08:22.638999
ffd06e60-de7c-4b94-8475-5828387fbdfc,Distributor,ZYX Music GmbH & Co. KG,6350,2021-09-02 20:08:22.638999
43340e64-4c27-41e1-ab53-697c50c9ef59,,PWL Records Ltd.,,2021-09-02 20:08:22.638999
7a8d7d92-8d03-4bfe-bdc0-87637ccbf4fa,,mst,,2021-09-02 20:08:22.638999
6d7976a8-6c7a-4696-a9e9-5018124bb923,Publisher,MSM Songs Musikverlag GmbH,,2021-09-02 20:08:22.638999
ad2c9637-3d88-4f6d-bdd5-d61629924d35,,Diesel Productions,,2021-09-02 20:08:22.638999
fbc28bd5-eacb-4ebe-a480-27263c7fe352,,Sharp Productions,,2021-09-02 20:08:22.638999
58354071-8bf6-4652-b62f-2554eb2374f2,,PWL International Ltd.,,2021-09-02 20:08:22.638999
46caaa9e-3e26-49b5-827c-64ccc73c1b07,,[unknown],,2021-09-02 20:08:22.638999
ee9a9217-7309-4139-ad48-b4c2477af3d0,Holding,Aftermath Records,,2021-09-02 20:08:22.638999
2182a316-c4bd-4605-936a-5e2fac52bdd2,Original Production,Interscope Records,6406,2021-09-02 20:08:22.638999
b8329768-b9ed-4dae-ba2f-10d58943098c,Original Production,Shady Records,,2021-09-02 20:08:22.638999
a3da705c-88e2-4266-aae9-0e74d8e19d3b,,Music Factory Entertainment Group Ltd.,,2021-09-02 20:08:22.638999
c0629488-2aa2-4b46-9de8-decb27147444,Original Production,Aftermath Entertainment,6406,2021-09-02 20:08:22.638999
bf519cd2-4e1e-46bf-948b-615f75424606,Holding,Sony Music Entertainment Inc.,,2021-09-02 20:08:22.638999
006ccbdd-b3cf-4d3f-a530-e0bf0f3f3ea5,,"G Unit Records, Inc.",,2021-09-02 20:08:22.638999
13b1ee09-e54e-44de-9c7f-617869c13597,Publisher,Eight Mile Style Music,,2021-09-02 20:08:22.638999
f42e14a3-35fb-4dde-bc94-bcc729daa631,Publisher,Obie Trice Publishing,,2021-09-02 20:08:22.638999
03ac1af2-2bbf-41e7-b9e4-5f4ec51e38a8,Holding,Warner Music UK Ltd.,14666,2021-09-02 20:08:22.638999
8deb4300-73d9-46f2-a5bb-a2d884566af1,Holding,Union Square Music Ltd.,,2021-09-02 20:08:22.638999
3798a31c-484a-40f7-abe5-4ffffd6f68a4,Original Production,Anchor Records,,2021-09-02 20:08:22.638999
4c611c36-dec0-43db-9712-c056468c1f08,,Minder Records,,2021-09-02 20:08:22.638999
4509f80b-403c-46b5-bfb5-be77374cb90c,Holding,XL Recordings Ltd.,,2021-09-02 20:08:22.638999
fc5bd37c-7afe-4b10-ab4f-209465c988aa,,BBC Worldwide,,2021-09-02 20:08:22.638999
9ba7b661-4800-45b6-b144-60fd65c03497,,Nightmare Inc.,,2021-09-02 20:08:22.638999
48abf79d-e3a2-4aa0-b631-c21a52c59c50,Holding,Warner Bros. Records Inc.,,2021-09-02 20:08:22.638999
0070482a-06f0-43a1-a81a-ef228a89fc37,Distributor,WEA International Inc.,,2021-09-02 20:08:22.638999
32d88056-7c80-4b64-92ed-e298f35aceca,Imprint,WEA International,,2021-09-02 20:08:22.638999
4174d780-ffd6-4ebc-b424-60cb26daec07,Production,R.T.B. Audio Visual Productions Inc.,,2021-09-02 20:08:22.638999
b54769e4-b75e-4f60-884a-c4714687bb4c,Holding,Sony Music Entertainment,,2021-09-02 20:08:22.638999
a905cb09-80b5-4ed2-8799-bbbc6e87d6af,,Edel Germany GmbH,,2021-09-02 20:08:22.638999
c2bab448-f5be-4e9b-9fd0-0558c3e56219,Holding,"RSO Records, Inc.",,2021-09-02 20:08:22.638999
de46c917-df55-4b7e-be7b-924a667ca93b,,CBS Records Inc.,,2021-09-02 20:08:22.638999
1dd678a1-5904-4280-bafc-162224ed3405,Holding,"MCA Records, Inc.",,2021-09-02 20:08:22.638999
d597c453-6eb0-43d9-be83-7fd2a7f6bd8e,Holding,Atlantic Recording Corporation,,2021-09-02 20:08:22.638999
66df7a2b-6476-4fcf-97a9-f213f832af80,Holding,Atlantic Records,,2021-09-02 20:08:22.638999
f1da385d-35d4-41c3-b82b-be905a45e274,Production,My Own Production Company Ltd.,,2021-09-02 20:08:22.638999
50c384a2-0b44-401b-b893-8181173339c7,Imprint,Atlantic,121,2021-09-02 20:08:22.638999
5a55628f-308e-4758-a1f8-2a755a5605c6,Production,Universal Television LLC,,2021-09-02 20:08:22.638999
837d51b1-0bb1-4a0f-bfb3-da8db45c597b,Original Production,Black Widow Inc.,,2021-09-02 20:08:22.638999
968b730b-257d-49dd-934c-a225354fbd6a,Production,Richard Podolor Productions Inc.,,2021-09-02 20:08:22.638999
c595c289-47ce-4fba-b999-b87503e8cb71,Imprint,Warner Bros. Records,392,2021-09-02 20:08:22.638999
47166ce6-6a4f-4baf-93d2-2b3c68b79d39,Holding,Chrysalis Records,,2021-09-02 20:08:22.638999
9fc3d3f8-0571-4962-8131-2e15fb3e460c,Original Production,Guardian Records,,2021-09-02 20:08:22.638999
c5562e33-a908-40f7-8454-40816381719c,Publisher,Foster Frees Music Inc.,,2021-09-02 20:08:22.638999
e63fbdc9-1547-4ffa-96d1-c4e887b6af28,Holding,"Capitol Records, Inc.",,2021-09-02 20:08:22.638999
d4360e45-ca92-4777-b9c5-891903bbdc6c,Holding,Sony Music Entertainment US Latin LLC,,2021-09-02 20:08:22.638999
24b9312a-558b-4083-a56f-19f7e65f0e6c,Holding,RCA/Jive Label Group,,2021-09-02 20:08:22.638999
ea212af6-825a-40ce-8ae5-1da631ea1b56,Holding,RCA Records,,2021-09-02 20:08:22.638999
e0ecd909-0477-485f-80dc-3c27ea4837ca,Original Production,Republic Records,,2021-09-02 20:08:22.638999
9a28d08b-e1f5-494a-83dc-4ef3ba03f23a,Holding,"Major Lazer, LLC",,2021-09-02 20:08:22.638999
5e5afa12-c5c5-41b3-85ae-5904540585ae,Production,MXM Productions,,2021-09-02 20:08:22.638999
7637e1b7-9211-430f-8a0d-2b130bd0d4a9,Publisher,"Suga Wuga Music, Inc.",,2021-09-02 20:08:22.638999
072615f2-bbe1-4ebb-ad66-d3c9e64a5244,Production,Wolf Cousins Productions,,2021-09-02 20:08:22.638999
cb5bbd34-2903-472c-94e9-16af03881423,Original Production,Cash Money Records,,2021-09-02 20:08:22.638999
3f26faa5-8a92-46db-8940-86f58d8dd1d2,Original Production,Young Money Entertainment,,2021-09-02 20:08:22.638999
94f01e36-59a1-4f58-bf66-3a763596c40b,Production,"Black Chiney Music, Inc.",,2021-09-02 20:08:22.638999
42d150ba-af2e-462b-842b-30342abc4d5b,Holding,"SRV LabelCo, LLC",,2021-09-02 20:08:22.638999
9ac2633d-705d-4c16-900c-84b630f48b39,Holding,Universal Music Australia Pty Ltd.,,2021-09-02 20:08:22.638999
d11f2612-618a-493b-b927-1f850cbd6922,Holding,Nice Life Recording Company,,2021-09-02 20:08:22.638999
9a40374c-c95b-47bc-b353-b2b9728848d3,Holding,Sony Music Entertainment UK Limited,,2021-09-02 20:08:22.638999
71f33816-b284-4926-bd99-f6b7a83fb172,Production,Island Records,,2021-09-02 20:08:22.638999
8264f33b-e874-4754-b1e6-919f3e64b8e7,,MARIAH,,2021-09-02 20:08:22.638999
8b4a4ad5-7145-4e5c-80ef-15fbe66857b6,,"The Weeknd XO, Inc.",,2021-09-02 20:08:22.638999
ee9d7dfa-1fe9-4e0c-bf94-4b43eb53dd20,Holding,"UMG Recordings, Inc.",,2021-09-02 20:08:22.638999
a92d1684-4edb-48aa-b913-30e9da213004,Original Production,Def Jam Recordings,8427,2021-09-02 20:08:22.638999
7536cc26-d043-48e9-9a6a-9b483215f18f,Imprint,SB Projects,,2021-09-02 20:08:22.638999
19d052fa-570a-4b17-9a3d-8f2f029b7b57,Holding,Universal Music Group,1846,2021-09-02 20:08:22.638999
c5f3bc66-5e1e-47bf-8737-46612304aca6,Original Production,Concord Records,15025,2021-09-02 20:08:22.638999
618a22b7-308f-49a5-bceb-3368e0d25768,Holding,EMI Records Ltd.,,2021-09-02 20:08:22.638999
0fa26552-9ef1-4299-8952-6ef5ffb31934,,"Artist Partner Group, Inc.",,2021-09-02 20:08:22.638999
256a9a1e-53c8-4a59-a924-9e559f3f174d,Holding,Sony Music Entertainment (UK) Ltd.,,2021-09-02 20:08:22.638999
8e9aca02-bf79-4c53-826f-90b6b9419e7f,,Telstar Records Plc,,2021-09-02 20:08:22.638999
cd3a9ac4-4408-4f72-b79f-d9a867c469ed,Distributor,Virgin Records Ltd.,,2021-09-02 20:08:22.638999
79a28420-8f8c-46d6-987b-63c250d8b74b,Original Production,The Gramophone Co. Ltd.,,2021-09-02 20:08:22.638999
0a005898-0789-489a-925d-b7e17667be6b,Holding,Apple Corps Ltd.,,2021-09-02 20:08:22.638999
0bf45b6b-aa4a-4e2b-9283-2b2217da8e3a,Holding,Calderstone Productions Limited,,2021-09-02 20:08:22.638999
b9984962-484a-44bc-9464-814f057aeba7,Holding,Polydor International GmbH,,2021-09-02 20:08:22.638999
184bda35-a24f-4e42-9ca7-2f6bd19d14b9,,"Sullivan Productions, Inc",,2021-09-02 20:08:22.638999
dbeedfc9-cce7-4640-bf4f-5f3e568c77cd,Production,BBC,,2021-09-02 20:08:22.638999
26df054d-78cf-4d83-9bb1-a41816125528,Publisher,Northern Songs Ltd.,,2021-09-02 20:08:22.638999
c2af0dd5-a406-481e-a415-748ee7d4e29d,Publisher,"Music Corporation of America, Inc.",,2021-09-02 20:08:22.638999
a58abb47-52f5-4cf5-89dd-d3e3bd1238e9,,The John Lennon Estate,,2021-09-02 20:08:22.638999
dd7257cc-90fa-4aed-9b81-62a9f7ba33b6,Holding,MPL Communications Inc.,,2021-09-02 20:08:22.638999
af5c2b12-4788-4135-8f4c-dc9e2be29264,Holding,MPL Communications Ltd.,,2021-09-02 20:08:22.638999
12f08a69-9557-4a7b-9213-0f48765b4114,,Swedish Broadcasting Corporation,,2021-09-02 20:08:22.638999
c7893da1-48f5-416c-b17c-4ee35484b845,,Lumiere / Movie Acquisition,,2021-09-02 20:08:22.638999
860aad86-2d1a-46e7-b642-3ded36d7a06b,,PolyGram International Music B.V.,,2021-09-02 20:08:22.638999
ed5601e5-7c54-426e-982a-1a208dd0b0ad,Imprint,Chrysalis,1626,2021-09-02 20:08:22.638999
0216e6b6-c2cb-421e-8898-e061a744c683,Holding,"Chrysalis Records, Inc.",,2021-09-02 20:08:22.638999
6f5d4c09-c636-425c-9bd6-77b1e1115bef,Holding,Chrysalis Records Ltd.,,2021-09-02 20:08:22.638999
a4c3f9af-bfa9-4710-8b6c-c134f1ef4470,,BMG Ariola München GmbH,2276,2021-09-02 20:08:22.638999
f78309a3-7391-4329-9f01-d27246dfd740,Holding,Sanctuary Records Group Ltd.,,2021-09-02 20:08:22.638999
df8cdbc8-4e9d-40af-b527-4f3c842309e2,Original Production,"Capitol Records, LLC",,2021-09-02 20:08:22.638999
8879aba9-67fd-4598-ae00-e5d2a7da3c87,Holding,Twentieth Century Fox Film Corporation,,2021-09-02 20:08:22.638999
0b188c03-0909-4d18-b8b6-4eb93ca1471c,Production,Sanctuary Records,,2021-09-02 20:08:22.638999
45a4e6b3-2567-4e7d-b872-a412cdf2d0ae,Publisher,EMI Music Publishing,,2021-09-02 20:08:22.638999
af6d6f49-2b4d-40fe-86d4-241906772b59,,Reprise Records,322,2021-09-02 20:08:22.638999
5fd75711-e58f-4693-9c17-8614ec0c3dac,,"Def Jam Records, Inc.",,2021-09-02 20:08:22.638999
4e877b18-c4c7-4e5e-879b-8dae0fa9622f,Holding,SKG Music LLC,,2021-09-02 20:08:22.638999
94afd22d-39c9-4240-90ee-7d6768d54be7,,BIV Entertainment Corp.,,2021-09-02 20:08:22.638999
17195a00-5fb1-4ab7-8403-ba1f8322af5f,,"Character Productions, Inc.",,2021-09-02 20:08:22.638999
e084e08f-1220-4cb8-b347-9738cf25edb9,,Diva One Productions,,2021-09-02 20:08:22.638999
5fdf76f6-e6c4-4f8f-b1aa-380af3007547,Holding,Special Olympics International Inc.,,2021-09-02 20:08:22.638999
c7767351-6b1b-4d6e-8cbe-62fa3812d38d,,"Arista Records, LLC",,2021-09-02 20:08:22.638999
e2f5cc56-e386-4fea-b92c-d2d2132c3c8e,,Sunnyland Productions,,2021-09-02 20:08:22.638999
04b2091c-0d46-4191-9aaa-191035a23688,,HeavyTone Recordings,,2021-09-02 20:08:22.638999
d8dd9ec3-b191-4e73-b6a8-c79e7448f348,Holding,FFRR Records Ltd.,,2021-09-02 20:08:22.638999
8ed56d90-7932-4d29-abb1-40863517904d,,TBNH Ltd.,,2021-09-02 20:08:22.638999
c24f5918-6333-4985-ba4e-9d7829e6b987,,"Delicious Vinyl, Inc.",,2021-09-02 20:08:22.638999
680fd075-5121-4b2a-911a-762b5afdd99c,Original Production,Acid Jazz,7388,2021-09-02 20:08:22.638999
d51690ee-c132-41e3-bbde-bb3a4afd835a,Original Production,FFRR,7654,2021-09-02 20:08:22.638999
745f3292-03fe-44b5-babe-bc7eaa46a15d,Original Production,Elektra Entertainment,192,2021-09-02 20:08:22.638999
27795d9f-3994-4643-9cd2-c5f2b304472d,Holding,"CBS, Inc.",,2021-09-02 20:08:22.638999
460128fd-bc29-456f-8a69-1d59f8400941,Holding,Sony Music Entertainment (Canada) Inc.,,2021-09-02 20:08:22.638999
64570ae3-f2d6-4e3a-842a-2e595ac38095,Production,Hum Inc. Productions,,2021-09-02 20:08:22.638999
d685f86f-be5c-4cb2-9dfc-7b0b1e873e91,Production,W & R Group,,2021-09-02 20:08:22.638999
e097dfe4-25e6-40ee-b720-f81e513609d2,Holding,Sony Music Entertainment Canada Inc.,,2021-09-02 20:08:22.638999
b27b4178-3536-473a-bdfe-541389ad1d1a,Publisher,"Chartmaker, Inc.",,2021-09-02 20:08:22.638999
3a6f9906-2194-4bdd-84e0-6b6d7a2a7051,Distributor,Sony Music Canada Inc.,,2021-09-02 20:08:22.638999
3b019379-9d72-4200-afdf-5eadf4b56a96,Holding,Simco Limited,,2021-09-02 20:08:22.638999
a523f680-8e00-46f5-b612-c239fd513551,Production,Pinwheel Productions,,2021-09-02 20:08:22.638999
60265b30-9d71-4f38-9ecf-0ea91ff9cd3b,Production,WallyWorld Productions,,2021-09-02 20:08:22.638999
6c87abe4-7be3-49a9-8aa7-83cb98edbba1,Holding,Rhino Entertainment Company,,2021-09-02 20:08:22.638999
640ea9b1-3811-4c06-8897-5918c16f9fe1,Reissue Production,Warner Strategic Marketing,2828,2021-09-02 20:08:22.638999
8eed60bb-9ef0-444d-a775-3a214d64b3f8,,Warner Strategic Marketing Belgium,,2021-09-02 20:08:22.638999
e3cad761-6bd9-4209-a491-6e421b770746,,Magnet Records Ltd.,,2021-09-02 20:08:22.638999
76e7d371-2171-4946-ae66-76ef51a0cff9,Production,Magnet,3389,2021-09-02 20:08:22.638999
0fadc2ce-f7de-4e27-bbe6-612b317e716b,Production,Geffen Records,7266,2021-09-02 20:08:22.638999
c6fda3d9-ed46-4bd2-aba8-c5d541b38dab,Holding,BMG Entertainment,,2021-09-02 20:08:22.638999
086a69d6-1ace-4ded-a128-97e13cf5db98,Holding,"Interscope Records, Inc.",,2021-09-02 20:08:22.638999
f2f8a8fe-e9d7-4254-a3ce-20dc9a3cd2ce,,OBE,,2021-09-02 20:08:22.638999
32f21676-7a50-4124-bcd9-8e9a41d71d01,Production,"Ark Productions, Inc.",,2021-09-02 20:08:22.638999
b2bfdb5d-9f67-4db5-8ec7-840b0d7c88d9,Holding,"Disney Enterprises, Inc.",,2021-09-02 20:08:22.638999
590538e9-b183-4163-ab5a-171fb021ed12,Production,Universal Records,1846,2021-09-02 20:08:22.638999
c3ae10fe-020f-48ac-967d-3a327800eb5f,Production,Valerie Records,,2021-09-02 20:08:22.638999
3d510a4b-be12-4872-8264-4600f673bb19,,Golden Jubilee Events Ltd.,,2021-09-02 20:08:22.638999
1b498e6d-1c44-4b11-a479-4131f759fea7,Original Production,Universal Music TV,7341,2021-09-02 20:08:22.638999
936ae56f-cd09-4a6a-91ee-fefb6ca182f7,,What a Music Ltd,,2021-09-02 20:08:22.638999
4c259779-e8f6-4d12-a2f8-bfdf92e5a429,Holding,Kontor Records GmbH,,2021-09-02 20:08:22.638999
25904454-c2b3-449a-93ec-d6c969cf781a,Holding,Sony Music Entertainment Germany GmbH,,2021-09-02 20:08:22.638999
7ed6f06f-cfd2-475e-a18c-5b32b7b636fc,,45th & 3rd Music LLC,,2021-09-02 20:08:22.638999
6dabac79-f452-4ee0-8ef5-04b065d14474,,Piano Music,,2021-09-02 20:08:22.638999
5664c7ca-002a-458b-943e-abbcd7993f22,,SRP Records,,2021-09-02 20:08:22.638999
e4a70dbb-f72a-486d-92be-87b89d880455,Holding,MORE Music and Media GmbH & Co. KG,,2021-09-02 20:08:22.638999
80a56767-52fd-4a44-9fbd-fc85f7af3763,Original Production,Kontor Records,2182,2021-09-02 20:08:22.638999
44899658-ce3e-45e3-bf5b-6e2f553f63a1,,Gum Prod,,2021-09-02 20:08:22.638999
6570c145-f735-4e19-aa31-6653b44fefb3,,Jack Back Records,,2021-09-02 20:08:22.638999
f0582a2d-54c5-4c7f-8ad4-5bfd76831651,Holding,Motown Records,,2021-09-02 20:08:22.638999
724c2301-45f0-4092-8ba8-acfed11972aa,Holding,"Motown Record Company, L.P.",,2021-09-02 20:08:22.638999
d8a14db5-43a9-456c-9910-aa1ec0e3c60c,Holding,Motown Record Corporation,,2021-09-02 20:08:22.638999
dd476df2-85d1-4fbd-b260-90a053473695,Production,Double Platinum Productions,,2021-09-02 20:08:22.638999
aad4ffd6-a32e-41e0-978c-27cf234d3088,Production,“Zavy”,,2021-09-02 20:08:22.638999
d2c969f5-e849-4e26-abfd-0bf0484ff921,,Metro,,2021-09-02 20:08:22.638999
7ffa6840-f0ee-4946-8a9d-161bd874a20e,,Rive Droite Music Productions,,2021-09-02 20:08:22.638999
9c0cc175-1bb9-46eb-ac2f-2d599a10694e,Holding,Motown Record Company,,2021-09-02 20:08:22.638999
15f3aa5d-8ce1-42ae-aefd-dc3421d90db0,Publisher,Chariscourt Ltd.,,2021-09-02 20:08:22.638999
4cab9030-1b3f-46d5-b12b-c86d5e0ecd80,Publisher,Rondor Music (London) Ltd.,,2021-09-02 20:08:22.638999
33bcd874-08f0-4d65-a884-a2499c11e374,Reissue Production,Warner Music Group – X5 Music Group,,2021-09-02 20:08:22.638999
c0192e1c-cd6b-48fe-abe0-31e495596920,Original Production,Metalheadz,,2021-09-02 20:08:22.638999
136021ca-a54d-4451-99c9-6ecf52121b86,,Ministry of Sound Recordings Ltd.,,2021-09-02 20:08:22.638999
8579c23e-33c1-472f-887c-8ac654ef61a9,Original Production,Jungle Cakes,,2021-09-02 20:08:22.638999
2cff2c9f-f699-478a-8d8b-5f10de318a2f,Original Production,Quarantine,,2021-09-02 20:08:22.638999
e79e7782-841c-40d8-8abb-1e1ec028f2e8,Publisher,EMI Blackwood Music Inc.,,2021-09-02 20:08:22.638999
1688db48-6fb1-43df-883d-954d39477958,Production,Lookout! Records,,2021-09-02 20:08:22.638999
f3482562-fa49-4743-b409-f840b42de3b5,,"Cash Money Records, Inc.",,2021-09-02 20:08:22.638999
84a3af25-8128-4309-9d40-2085974b4f28,Holding,Maybach Music Group LLC,,2021-09-02 20:08:22.638999
9ad5995c-ffad-4f45-b7fe-b5656da71d28,Original Production,OVO Sound,,2021-09-02 20:08:22.638999
120f051f-bb10-4fa2-8969-9fc796108231,,10K Projects,,2021-09-02 20:08:22.638999
a4eb3f4e-5e9b-4b2e-a608-2548ed142365,Holding,"1400 Entertainment, Inc.",,2021-09-02 20:08:22.638999
e703fefc-07c1-4d7c-be02-43369bd21ad5,Holding,"Gamebread, LLC",,2021-09-02 20:08:22.638999
0b73fe75-c136-4178-8f6e-181610af072a,,E1 Music,,2021-09-02 20:08:22.638999
e2e4ff42-7af5-4af6-95fd-70defc9f38e2,Holding,Epic Records,,2021-09-02 20:08:22.638999
4685c57a-c7da-41b9-a1bd-4e04d7af4aa2,,"Roc Nation, LLC",,2021-09-02 20:08:22.638999
aef36a73-c7b0-4a72-929e-720f7b3d82da,Holding,Rimas Entertainment LLC,,2021-09-02 20:08:22.638999
7b94f338-4985-445c-b65b-1dcf41b80c16,Holding,Columbia Records,,2021-09-02 20:08:22.638999
a77a6603-f5d7-4434-8d5b-413703c22562,Holding,"Chris Brown Entertainment, LLC",,2021-09-02 20:08:22.638999
332f3aec-263d-4ea1-a59c-8a66279289a2,,Verbal Flux Recordings,,2021-09-02 20:08:22.638999
70d29c34-4b61-4376-bb47-008402a1afb4,Holding,Warner Records Inc.,,2021-09-02 20:08:22.638999
6de4b9fc-29d1-4878-a56a-ebb2d8fa9c77,Holding,"Quality Control Music, LLC",,2021-09-02 20:08:22.638999
8a8e7a47-80ef-4aeb-b93c-daa1d5534181,,Eardruma Records,,2021-09-02 20:08:22.638999
4682c64d-6497-463d-82a3-b2c0aac966c3,Holding,London Records 90 Ltd.,,2021-09-02 20:08:22.638999
5d7061e2-0d7c-43a3-806a-86a5ca0749e1,,Telstar Records Ltd.,,2021-09-02 20:08:22.638999
d487aa4e-d14f-4df2-a8e3-2fe1b2695134,,Vertigo/Capitol,,2021-09-02 20:08:22.638999
d0d1697a-dfb9-4eeb-a946-6595eebb7b4a,Original Production,Seven Days Music,1059,2021-09-02 20:08:22.638999
8ddaa8e2-34ac-4094-80b9-2575e3c8f553,Holding,BMG Music,,2021-09-02 20:08:22.638999
f9ada3ae-3081-44df-8581-ca27a3462b68,Original Production,Sony BMG Music Entertainment,13989,2021-09-02 20:08:22.638999
8e5a2973-87c6-4418-9b3b-9454d8d2f512,Holding,RCA Corporation,,2021-09-02 20:08:22.638999
29d7c88f-5200-4418-a683-5c94ea032e38,Holding,BMG,,2021-09-02 20:08:22.638999
add3fc3d-3dd7-4cd9-b5d0-9952b14901d8,,BMG Entertainment UK and Ireland Ltd,,2021-09-02 20:08:22.638999
3cf92c5f-3d29-4f5b-81a9-af8981334839,Original Production,Cookin’ Soul,,2021-09-02 20:08:22.638999
663466ee-6907-433f-a615-f352cb03f867,Distributor,RCA/Ariola International,,2021-09-02 20:08:22.638999
b3f4e6a5-ece0-43be-a530-68ad0d49fee8,Original Production,RCA Victor,316,2021-09-02 20:08:22.638999
1bfeff53-8321-4156-9eb2-0c2396cb9cb3,Publisher,Sony/ATV Songs LLC,,2021-09-02 20:08:22.638999
9b491ba4-8f6b-441d-ade4-9be7548c3b30,Holding,"Entertainment One U.S., LP",,2021-09-02 20:08:22.638999
2d6c3e29-9281-42fc-a62b-9e66e10ff7ac,,"Heaven Studios, Inc.",,2021-09-02 20:08:22.638999
0b47a65d-f730-4731-a6f9-435b52544ee2,,F.B.T. Productions,,2021-09-02 20:08:22.638999
88c7682a-50e8-430d-bd94-2ea0a1e1b827,Holding,Bad Boy Records LLC,,2021-09-02 20:08:22.638999
349e1dfe-98d6-4e34-ae0d-26a7185185e7,,Guaranteed Millions,,2021-09-02 20:08:22.638999
e7b70ddb-7f5f-4e12-a87c-9878be4b6831,,Honcho Mogul Industries,,2021-09-02 20:08:22.638999
e06695b0-ded1-421f-939f-cde2470a0944,,Web Entertainment,,2021-09-02 20:08:22.638999
c4b30ab9-a14e-4b14-be63-0815fa6e3844,Production,Da Way Forward Limited,,2021-09-02 20:08:22.638999
a178a146-d412-4a27-a71d-83d3a6fa15b9,,"Loud Records, LLC",,2021-09-02 20:08:22.638999
df694cec-4d0c-4fba-b50f-ce5513010083,Production,S.K.P. Inc.,,2021-09-02 20:08:22.638999
0f875a21-200a-4539-abd0-02223214204f,Production,allfadersup,,2021-09-02 20:08:22.638999
a2189b8f-427a-4389-b949-d2facd50efed,Production,Goooooooo!!! Music,,2021-09-02 20:08:22.638999
90fb6b06-a187-4948-934e-1bfd76c168fb,Production,Private Stock Entertainment,,2021-09-02 20:08:22.638999
f97fc6d7-6b83-45a1-8687-c02f0bd66f87,Production,The Star Island Group,,2021-09-02 20:08:22.638999
e3b0c8a4-a479-4f67-906b-6392c01e9c38,Original Production,Eastern Conference Records,,2021-09-02 20:08:22.638999
21a9343c-4a03-4768-8186-569dc03f850c,Distributor,Rawkus Records,,2021-09-02 20:08:22.638999
95019e13-e358-4819-98d6-480dd6fb3192,Publisher,Derty Werks,,2021-09-02 20:08:22.638999
46b44759-7ceb-4696-b24d-7a72cba40018,,Mr. Porter Production Group,,2021-09-02 20:08:22.638999
8a9c76d0-e234-4396-8e5d-e38e2222fa58,Publisher,Windswept Pacific Music,,2021-09-02 20:08:22.638999
6c6eb4e5-f7c7-48bd-93d2-4901b4971e12,Original Production,Chess,,2021-09-02 20:08:22.638999
92f21c82-0de8-4a6d-a860-d18128c4aaae,Production,"Ruff Ryders Productions, Inc.",,2021-09-02 20:08:22.638999
b2a9bb17-f423-4ad8-800f-673666cc1928,,Embassy of Music GmbH,,2021-09-02 20:08:22.638999
83ffc91a-c42e-4b55-a8da-ac66e0f95a3c,,Ruff Ryders,,2021-09-02 20:08:22.638999
4b9ca23a-7edd-4602-b4fa-05a9f1b4943e,,Two Chord Music Inc.,,2021-09-02 20:08:22.638999
d6b95f8b-f5b5-4683-813a-0fa9a734b986,Production,"No Question Entertainment, Inc.",,2021-09-02 20:08:22.638999
fae857b1-f321-4394-845d-402537840ecc,Holding,Maverick Recording Company,,2021-09-02 20:08:22.638999
b2fe0c30-ce2c-459a-a4f7-cddc32f20dd0,Original Production,Uprising Records,,2021-09-02 20:08:22.638999
3511245d-3a8f-422b-9fd7-5ea1bc7cb699,Holding,AUTNMY,,2021-09-02 20:08:22.638999
6d87d7e2-e87a-40f8-8b6f-40d24e48fa4f,,The Echo Label Ltd.,,2021-09-02 20:08:22.638999
6e2db230-3709-4557-8f53-7c4eb3e0acfb,,Universal Music Strategic Marketing,,2021-09-02 20:08:22.638999
9651f813-bfd0-47a7-be5c-3e6945a263af,Production,Buddah Brown International,,2021-09-02 20:08:22.638999
157afde4-4bf5-4039-8ad2-5a15acc85176,Production,[no label],,2021-09-02 20:08:22.638999
da7b5149-4649-44c7-bf1a-9eb634200a61,Holding,"N.E.R.D Music, LLC",,2021-09-02 20:08:22.638999
3ff870b7-c8e1-4d46-b029-da67af3408dd,Holding,OGV,,2021-09-02 20:08:22.638999
ac6e0eda-c464-4238-8b11-da559416b4f9,,RW Produtora,,2021-09-02 20:08:22.638999
66ccfeb4-311f-4fc4-97c4-f4911791f19b,,Vidisco,,2021-09-02 20:08:22.638999
7c5220d9-9e25-4dbb-9a5e-73f4367e6a77,Holding,Interscope Records (222 Records),,2021-09-02 20:08:22.638999
98648d5c-0b90-4992-90ba-e5f3e84cbf8a,Imprint,Freebandz Entertainment,,2021-09-02 20:08:22.638999
4682c94b-0678-4a27-9966-fa9e74183f76,Imprint,Grade A Productions,,2021-09-02 20:08:22.638999
2290f997-d9ed-45e3-8459-0f2538eaf46f,,We The Best Music Group,,2021-09-02 20:08:22.638999
9f293f4d-350d-4628-a0fe-9903f14cb365,Original Production,1400 Entertainment,,2021-09-02 20:08:22.638999
3e99fe77-c2ba-44fb-8185-223c5a3beb0e,Imprint,TenThousand Projects,,2021-09-02 20:08:22.638999
25d7fc1d-e53f-4f38-aa17-492243e9ab71,Publisher,FreeBandz LLC,,2021-09-02 20:08:22.638999
d0ae7b03-61fb-4f89-aa3f-8019c98f0478,Production,Dubset Media,,2021-09-02 20:08:22.638999
e5895168-611f-41ba-8e7e-47e6462ab869,,The Penua Project,,2021-09-02 20:08:22.638999
9611dc21-e40a-4c31-8aa1-cc7ed91b33d2,,Familiar Territory,,2021-09-02 20:08:22.638999
da9a06cd-8252-41be-a30d-6b61e0b5e08e,Holding,"Slaughter Gang, LLC",,2021-09-02 20:08:22.638999
0c68651e-a436-4e57-b7dc-d2750f15d91b,Imprint,Snapper Music,1770,2021-09-02 20:08:22.638999
9cbbbc38-99d4-431c-b7ca-8fc90dac5646,,Snapper Music plc,,2021-09-02 20:08:22.638999
ea74a81a-9ffd-4114-8276-b8d8ab909315,Distributor,WEA Filipacchi Music,,2021-09-02 20:08:22.638999
d369f2a7-8d3d-4278-8520-197297ae0c22,Original Production,Eagle Rock Entertainment Limited,,2021-09-02 20:08:22.638999
5917da67-b605-4a08-a5a0-a6874501dda4,Original Production,Beggars Banquet,5485,2021-09-02 20:08:22.638999
4ae47abd-a9d0-4358-bf6f-0029d87a6048,Holding,Beggars Banquet Records Ltd.,,2021-09-02 20:08:22.638999
31eedab5-4d57-4e5d-b2bf-d5fa86328c97,,Queen Productions Ltd.,,2021-09-02 20:08:22.638999
c029628b-6633-439e-bcee-ed02e8a338f7,Original Production,EMI,542,2021-09-02 20:08:22.638999
fa55e28b-9e4e-4f06-bac5-d3db1f1ce611,Holding,"A&M Records, Inc.",,2021-09-02 20:08:22.638999
99962abe-c219-4031-9c6c-c61fc3885944,Imprint,Sony Music | Latin,,2021-09-02 20:08:22.638999
9e6b4d7f-4958-4db7-8504-d89e315836af,Original Production,Sony Music,10746,2021-09-02 20:08:22.638999
135074d9-efd6-4196-b7d5-47fe5aedf2a5,Holding,Golden Earring Benelux BV,,2021-09-02 20:08:22.638999
16e7ab1d-4715-46a0-8b39-3ff13a65d54f,,Red Bullet Productions B.V.,,2021-09-02 20:08:22.638999
8ee09628-7e95-42c2-a99c-d637c066cd10,Holding,Polydor B.V.,,2021-09-02 20:08:22.638999
a5c6acc0-b18f-4c1e-831f-25bf2ff46ebd,Original Production,Red Bullet,1209,2021-09-02 20:08:22.638999
8b98bc9d-f1e7-4672-8d14-7a47288d4b78,Holding,Sony Music Entertainment (Holland) B.V.,,2021-09-02 20:08:22.638999
29781c5b-bf91-4c5a-9f20-60738fee648a,,Dutch Record Company,,2021-09-02 20:08:22.638999
3b6b4061-03c2-4206-a8ce-81331f58d428,Holding,Track Records Ltd.,,2021-09-02 20:08:22.638999
bf2dbd91-7d1f-4eee-9798-15ef44fdf596,Original Production,21 Records,8291,2021-09-02 20:08:22.638999
cbcd83fa-6184-4ee6-aed3-5b7269359878,Production,CNR Records,160,2021-09-02 20:08:22.638999
e956d1d0-63dd-4a44-8680-cadc00587095,Holding,Parlophone Records Ltd.,,2021-09-02 20:08:22.638999
312a5346-a2cb-4a24-a134-c2922d7e4abc,Publisher,Big Bang Theory,,2021-09-02 20:08:22.638999
b0ab3449-a5df-453d-8cb2-330005f69f81,Publisher,Green Daze Music,,2021-09-02 20:08:22.638999
883fe539-a89f-4572-8072-4d1e69d4670d,Publisher,WB Music Corp.,,2021-09-02 20:08:22.638999
d216f300-4f07-436b-8d22-e3631fd678b9,,Jive Records,,2021-09-02 20:08:22.638999
602b614a-e182-439d-be4a-04d5a257f8b4,Production,Pogologo Corporation,,2021-09-02 20:08:22.638999
758f920b-055e-4c38-8fce-9722167a187d,Holding,Heart General Partnership,,2021-09-02 20:08:22.638999
e6e63e00-d634-4cb1-bc9c-d962ca0325a4,Bootleg Production,Stark Contrast Productions,,2021-09-02 20:08:22.638999
2e05bad2-a2b1-4b51-8dc3-d37684938a29,,Heart Amalgamated,,2021-09-02 20:08:22.638999
9e55fd47-7062-4bd1-addc-f6bb5bf99d32,Bootleg Production,The Media Champ,,2021-09-02 20:08:22.638999
5386538a-b820-4282-80ba-2d629a35b38b,Distributor,Mushroom Records Inc.,,2021-09-02 20:08:22.638999
52c26808-547b-4240-bc1f-9f2ac3d487f6,Holding,True House LA,,2021-09-02 20:08:22.638999
bfd4860c-04ec-4add-8ff9-b052ace64b99,Holding,Rubyworks Ltd.,,2021-09-02 20:08:22.638999
f3dfa985-1af3-4eb0-86d0-582d057c5d62,Imprint,KIDinaKORNER,,2021-09-02 20:08:22.638999
1c50034a-5c92-41a4-95ad-0acb7ea4686f,Imprint,Walt Disney Records,10025,2021-09-02 20:08:22.638999
ffb3d9b0-d8cf-41d4-8838-f89fa38a08c1,Production,EMI Electrola GmbH,6586,2021-09-02 20:08:22.638999
da45bec9-6142-4329-9fd8-24f3b82e9751,Holding,Iron Maiden Holdings Ltd.,,2021-09-02 20:08:22.638999
31ca3700-257f-47d0-b08f-233f6146b1b5,Holding,Iron Maiden Overseas Ltd.,,2021-09-02 20:08:22.638999
d1d59213-853b-49b3-9d39-65f591faa190,Holding,Iron Maiden LLP,,2021-09-02 20:08:22.638999
664c52f6-915b-4672-9f8d-f7bff170c9ac,Publisher,Zomba Music Publishers Ltd.,,2021-09-02 20:08:22.638999
15b6e625-df54-4c70-9ddf-adb698318f52,Publisher,"Chelsea Music Publishing Co., Ltd.",,2021-09-02 20:08:22.638999
776f3592-a500-4af1-a740-e5a0d347f05f,Publisher,Metropolis Music BV,,2021-09-02 20:08:22.638999
c683436c-6fd5-443b-a24d-82a54d7ec76f,Publisher,Warner Chappell Music Ltd.,,2021-09-02 20:08:22.638999
b0652042-175e-4b3e-a76b-90043c7b6ee7,Publisher,Universal Music Publishing Ltd.,,2021-09-02 20:08:22.638999
dd9b460c-c27b-424c-8e25-7bb441ed8618,Holding,"PolyGram Records, Inc.",,2021-09-02 20:08:22.638999
c814d2a9-9390-47ee-8db9-e3d819c2f187,Holding,Universal Records Inc.,,2021-09-02 20:08:22.638999
ce3c4d22-2319-40c5-b8e1-b3b3d9599fa0,,Polydor Inc.,,2021-09-02 20:08:22.638999
55ebd319-b173-4132-bddd-de9ed05b55fa,Rights Society,BIEM,,2021-09-02 20:08:22.638999
a5239630-af2d-493d-976e-78eaf51e2f96,Rights Society,STEMRA,,2021-09-02 20:08:22.638999
924e76af-cc82-4b3c-bc22-eb51ff7513f0,Holding,Polydor Records Inc.,,2021-09-02 20:08:22.638999
2bfed9ce-f24f-4e8b-9f42-0b0a34713292,Holding,"Bama Rags Recordings, LLC",,2021-09-02 20:08:22.638999
a754ad77-2842-4ed4-a6e7-fb6b1fdc7f40,Imprint,Charly Records,8477,2021-09-02 20:08:22.638999
74798301-2b87-4396-b121-124062d5a45d,Holding,Polydor Ltd. (UK),,2021-09-02 20:08:22.638999
b914f217-8be8-486b-a733-82f03275704a,Holding,Sony BMG Music Entertainment (UK) Ltd.,,2021-09-02 20:08:22.638999
53de1580-aee1-4871-89f8-5d36d3229e9f,,Jamiroquai Limited,,2021-09-02 20:08:22.638999
5b45c68a-4eec-4f0e-95ea-2f36504dfe3d,,"Black Doll, Inc.",,2021-09-02 20:08:22.638999
d8b5ad99-6607-4f2a-b63d-baff5aed749f,,"Virgin Records, Inc.",,2021-09-02 20:08:22.638999
35515729-1f2c-4cc9-9390-9af2764bc56c,Production,A&M Records,485,2021-09-02 20:08:22.638999
5db8bb3d-abf4-4615-927f-f325f1dec8ca,Production,"Flyte Tyme Productions, Inc.",,2021-09-02 20:08:22.638999
c2e3c421-ce0e-4463-ad6b-6dfcbd2e5d82,Production,Rokstone Productions,,2021-09-02 20:08:22.638999
1644d8bc-b558-447f-82eb-5d6829988156,,"Virgin Records America, Inc.",,2021-09-02 20:08:22.638999
6bb7c1b2-cb06-4381-9c59-02b1ae4aa96d,Imprint,Hollywood Records,10024,2021-09-02 20:08:22.638999
e7358dcd-fe11-4616-b751-b88d419d7b6a,Holding,"Safehouse Records, LLC",,2021-09-02 20:08:22.638999
e0bb35e2-5373-4b61-a361-7a5e317a8a31,Holding,Perfect Havoc Limited,,2021-09-02 20:08:22.638999
ed7b2a02-7491-43d6-aebd-41c0e3dab30d,Distributor,Universal Music Operations Ltd.,,2021-09-02 20:08:22.638999
920d9e79-f93a-4231-993a-1b23d84576ca,,Atlantic Records UK,,2021-09-02 20:08:22.638999
22e4d4f2-61cd-4f3b-91dc-5d343b685abb,Holding,"Country Music Association, Inc.",,2021-09-02 20:08:22.638999
332ed984-3b6a-4f16-9d7c-f3b4d55879d2,,"Big Beat Records, Inc.",,2021-09-02 20:08:22.638999
b84969e9-7dca-44ba-af42-e92e180e9f6c,Original Production,Nomota LLC,,2021-09-02 20:08:22.638999
2113e19c-83ca-4fe4-a1b3-18d3926c2e6b,Production,Enterprise Music,,2021-09-02 20:08:22.638999
cb648e59-37b5-4b15-9630-f346752e9d0d,Production,Spreadeagles Productions,,2021-09-02 20:08:22.638999
877498bf-5405-41da-af89-f9ba340aa509,Bootleg Production,Firefly Entertainment Ltd.,,2021-09-02 20:08:22.638999
4a3ad928-6ab2-4f88-901c-5b705c69b768,Publisher,"Warner Bros., Inc.",,2021-09-02 20:08:22.638999
0405f15d-a248-4477-8afd-1854fe07498d,Production,Mute Records Ltd.,,2021-09-02 20:08:22.638999
477585ea-19b6-42c8-a0dd-a58314a3e209,Holding,"Third Pardee Records, LLC",,2021-09-02 20:08:22.638999
996b0444-483d-4fef-81af-5877f1c276c8,Original Production,Universal Music Latin Entertainment,1846,2021-09-02 20:08:22.638999
569d1789-411f-4785-878b-7727a7c9d0ea,,Sony Entertainment,,2021-09-02 20:08:22.638999
a258aabd-c6b7-47c2-9371-44c52d9e8a45,Production,Boi-1da Productions,,2021-09-02 20:08:22.638999
9c5cba05-bcad-4daa-b58f-fad3197a2148,Reissue Production,Warner Music UK,14666,2021-09-02 20:08:22.638999
011d1192-6f65-45bd-85c4-0400dd45693e,Imprint,Columbia,162,2021-09-02 20:08:22.638999
bed8b908-9f66-4e0d-a7b6-df3945d5168d,Holding,"Records Label, LLC",,2021-09-02 20:08:22.638999
805879c4-1d7c-4877-9bb9-beacbc4aeeb6,,Joytime Collective,,2021-09-02 20:08:22.638999
cd7ab3d2-8bce-49dd-a02b-7b916724d6c5,Holding,"Getting Out Our Dreams II, LLC",,2021-09-02 20:08:22.638999
0c27a94c-b0a3-44dc-b310-709e75414c2c,Holding,"Roc-A-Fella Records, LLC",,2021-09-02 20:08:22.638999
9609d600-92c9-471e-9d9b-e1ebc93288e9,Holding,Def Jam Recordings Inc.,,2021-09-02 20:08:22.638999
a6ac247e-8507-49c8-bfe2-1c5734bb4f07,,"Mass Appeal Records, LLC",,2021-09-02 20:08:22.638999
ad6f8706-c95e-443b-8579-8e3ecd27126c,Original Production,Columbia Records,162,2021-09-02 20:08:22.638999
c2c190e4-ee33-42ad-bf94-7d069e0e86f2,Holding,"Parkwood Production Media, LLC",,2021-09-02 20:08:22.638999
7081fdba-41f6-448a-a731-8587227205ce,Production,Dean’s List Productions,,2021-09-02 20:08:22.638999
721ebad1-c924-4856-b91e-40e14f798a3e,,"Very Good Beats, Inc.",,2021-09-02 20:08:22.638999
2c46a3ea-daf6-4b8b-8a70-a0a8ee35c9a2,Imprint,Westbury Road Entertainment,,2021-09-02 20:08:22.638999
b85f0764-3335-4109-b15e-ac294fe305b9,Original Production,KOCH Records,10535,2021-09-02 20:08:22.638999
525d809f-def7-4677-937f-ca8e6d145416,Holding,"Getting Out Our Dreams, Inc.",,2021-09-02 20:08:22.638999
5e20dc89-bf02-4a02-9681-181c1c386072,Distributor,Baillie Corp,,2021-09-02 20:08:22.638999
ec3c96ad-f5a6-47b6-b125-c5540c5a08ca,,Bad Vibes Forever,,2021-09-02 20:08:22.638999
b997d9d6-b0c6-438d-8b7c-d11729d8ebda,Distributor,EMPIRE,,2021-09-02 20:08:22.638999
76aef054-449a-4326-966c-13896b2683d6,Production,Novercia,,2021-09-02 20:08:22.638999
6c8dea4c-c85f-4a7a-ac57-acf7452f49b6,Publisher,Charisma Records Ltd.,,2021-09-02 20:08:22.638999
995428e7-81b6-41dd-bd38-5a7a0ece8ad6,Imprint,Mercury Records,268,2021-09-02 20:08:22.638999
7cddfc8a-4475-4556-b7a6-526176e39947,,ZDF Enterprises GmbH,,2021-09-02 20:08:22.638999
177c1758-265b-47b6-864f-5dea4cbe9081,Original Production,Antler-Subway,6971,2021-09-02 20:08:22.638999
779ecdb3-3d09-458e-8f47-7de1045bb912,,19 Recordings Ltd.,,2021-09-02 20:08:22.638999
fb0793ba-3c28-4f89-969b-403e3ac1408a,Holding,Warner Music Nashville LLC,,2021-09-02 20:08:22.638999
adb57693-78de-434b-be08-05bf2f4a7938,,Farrell Music Limited,,2021-09-02 20:08:22.638999
bba7afb7-6e4a-4ed0-9510-da090304ca07,,Suga Shack Entertainment,,2021-09-02 20:08:22.638999
b8ed33e2-c380-4df7-a088-a3fca83fb706,,Big Management Ltd.,,2021-09-02 20:08:22.638999
4a3f3b44-9642-43d6-ba0e-67d86dc77b63,,Nevco Productions,,2021-09-02 20:08:22.638999
5753510d-fc96-4e71-aba6-445c0fbe4f8c,Production,Innersound Management,,2021-09-02 20:08:22.638999
8f23c520-d702-4621-88fa-ac66ae15e573,,Universal Republic Records,1846,2021-09-02 20:08:22.638999
6b4b340f-9d50-4393-8cc7-254e0a6f720c,Production,Radiokillarecords.com,,2021-09-02 20:08:22.638999
0d5d8538-369d-405e-a907-3b9023884e75,Production,Real Music Productions,,2021-09-02 20:08:22.638999
4470e10b-c917-4818-9996-db4d922e4dfd,Publisher,Trac-N-Field Entertainment,,2021-09-02 20:08:22.638999
c1eeb273-8b80-45e1-a022-3325c356bdaa,Production,Red Bottoms Productions,,2021-09-02 20:08:22.638999
a18c809b-f50c-456d-b062-edfb4a18a667,,Danjahandz Productions Inc.,,2021-09-02 20:08:22.638999
1ea7cd13-64f9-46bc-afba-7f7b6946c0ab,Production,Division1,,2021-09-02 20:08:22.638999
69dfd87e-04a3-4d0f-b05b-53d6cc423f0f,Production,"Blackout Entertainment, Inc.",,2021-09-02 20:08:22.638999
c8b5b5b9-2b2d-42c1-91db-b17e2d1a28c9,Production,The TEAM,,2021-09-02 20:08:22.638999
338631ce-7095-4db3-a803-f4e36b2410ff,,2Stripes Music AB,,2021-09-02 20:08:22.638999
092d4aa2-9741-4206-a799-f33a3e711086,Publisher,Eardrummers Entertainment LLC,,2021-09-02 20:08:22.638999
cf0d5591-cffc-40b2-b2d6-07a9134fa8e5,Holding,"Top Dog Records, Inc.",,2021-09-02 20:08:22.638999
dc749573-11d7-4da4-a593-c08e692dee2d,Holding,BMG Rights Management (US) LLC,,2021-09-02 20:08:22.638999
35897051-6e1d-460c-983b-f3f35a61d81f,Publisher,Followill Music,,2021-09-02 20:08:22.638999
377cd178-c47d-4e02-a3ca-d1af4cec313b,Publisher,Green Wagon Music,,2021-09-02 20:08:22.638999
054e2e50-4585-4ae0-b410-fb126a70c97f,,Martha Street Publ.,,2021-09-02 20:08:22.638999
18cf58a1-a927-4e77-8e35-3d127477b528,Holding,HandMeDownRecords,,2021-09-02 20:08:22.638999
4f03b311-d7f5-4e97-9fbc-0e6ff82e6760,,Kygo AS,,2021-09-02 20:08:22.638999
cf825206-2edf-4f94-a3c6-cef1e10bb77d,Distributor,BMG Records (UK) Limited,,2021-09-02 20:08:22.638999
3b59e7dd-c2f8-4ae7-b9f3-fccce670b2f7,Holding,BMG UK & Ireland Ltd.,,2021-09-02 20:08:22.638999
49611287-8148-4803-9a85-fccde117515a,Production,Mushroom Records,4917,2021-09-02 20:08:22.638999
9802509f-2f53-410b-8102-5754566a760f,Original Production,Pet Shop Boys Partnership Ltd.,,2021-09-02 20:08:22.638999
4a609d39-9409-4e22-a7e7-16bd50bf6f59,Holding,BMG Entertainment International UK & Ireland Ltd.,,2021-09-02 20:08:22.638999
c788ccce-f66c-4bc0-aced-de0904819ef6,,Silverbird Ltd.,,2021-09-02 20:08:22.638999
c9bb7a83-e218-491b-be4e-98dc27c9e67c,,Warner Music H.K. Ltd.,,2021-09-02 20:08:22.638999
e927a7ba-cf40-4d30-9127-4d9d5c9dcd6e,,Beluga Heights,,2021-09-02 20:08:22.638999
67f91e09-0364-4cab-9f58-7d1262f2a08f,Original Production,Konvict MuZik,,2021-09-02 20:08:22.638999
ed4cdf5d-a43b-43ee-a3c4-bbc87076aca2,,Upfront,,2021-09-02 20:08:22.638999
abea2d3e-eabf-4480-ab24-9382dd642c73,Imprint,Capitol Records,148,2021-09-02 20:08:22.638999
fc8f9df6-913f-4b71-9d35-3b303df3aac6,Holding,Universal Music GmbH,1846,2021-09-02 20:08:22.638999
a52e5e82-b7a2-4651-8ca0-e59836d6426f,Imprint,YSL Records,,2021-09-02 20:08:22.638999
1debcd96-c4e7-4a34-8d96-4c1c7c39b599,Holding,"Think It's a Game Records, Inc.",,2021-09-02 20:08:22.638999
812168ea-615c-454b-b87d-b6aa7f5abb66,Distributor,Unidisc Music Inc.,,2021-09-02 20:08:22.638999
8f122b2c-bb49-4e1d-b7d6-931f84771899,,BBC Radio 1,,2021-09-02 20:08:22.638999
ddf8aff8-93da-44e5-b247-d6d5c44d2433,Publisher,Zomba Songs Inc.,,2021-09-02 20:08:22.638999
eff9a5e8-93f4-4e59-87c0-8c9aa4cae392,Publisher,QD III Soundlab,,2021-09-02 20:08:22.638999
b4aeeaf9-bf1a-49a2-935c-3c2040eb368e,,Loreal Inc.,,2021-09-02 20:08:22.638999
6c6bfdc7-6bdb-4ee5-8df2-1641216adb1c,Production,"Team B Music, Inc.",,2021-09-02 20:08:22.638999
26ffb52c-fff9-473f-8873-46ed1f1b4bda,Production,New Ark Entertainment,,2021-09-02 20:08:22.638999
a0ebc5f6-35ff-44f9-aadd-c27887e08fe9,Production,Now Get ’Em Entertainment,,2021-09-02 20:08:22.638999
9328ae13-c43c-4179-a458-9e3b0dea88c5,,"Self Services Entertainment, Inc.",,2021-09-02 20:08:22.638999
e88a2a33-4569-4965-9abd-9a541bd040ff,Original Production,B.U.D.A. Productions Inc.,,2021-09-02 20:08:22.638999
3d6e7500-494d-4e02-a72e-765da9d1496e,Production,Trackmasters Entertainment,,2021-09-02 20:08:22.638999
cb20e288-8deb-4b1e-9c3f-77b9084bb3f9,Production,F‐5 Productions,,2021-09-02 20:08:22.638999
58c75e79-7fbf-4928-8f3c-e25936306235,Production,"3 to Life Entertainment, Inc.",,2021-09-02 20:08:22.638999
d96ab8c0-a13c-45b7-b19e-353c9bdc1297,,"Essential Arts Management, LTD",,2021-09-02 20:08:22.638999
6d8fd14f-0f09-4bf4-8279-75024896b4a5,Production,"Mobb Deep, Inc.",,2021-09-02 20:08:22.638999
e54cf1d2-645d-49ea-b552-5b73f9c31d41,Original Production,Rush Associated Labels,,2021-09-02 20:08:22.638999
e8e45b67-895d-42a9-a2d0-2c2d944beb02,Original Production,14th Floor Records,3077,2021-09-02 20:08:22.638999
780ea211-10d8-4d94-a654-0703ce6ee2b7,Original Production,Visible Noise,,2021-09-02 20:08:22.638999
1f6230fc-f7d6-4175-bd3e-3ab2f8faf023,,Locosquad GmbH,,2021-09-02 20:08:22.638999
324afc71-ea5e-4996-a759-18c2fd7dcbb5,Publisher,EMI April Music Inc.,,2021-09-02 20:08:22.638999
b2a16b11-6dd8-46cd-809c-79fb54c511ea,,M83 Recording Inc,,2021-09-02 20:08:22.638999
3fd45d9e-9de9-49a8-8f04-c97e9254732a,,Music Affair Entertainment Limited,,2021-09-02 20:08:22.638999
f0baa1da-1793-4487-94ec-0ee468881946,,Sire Records Company,,2021-09-02 20:08:22.638999
ed4403cd-ca50-4f59-a742-d14394fe3a2c,,Boy Toy Inc.,,2021-09-02 20:08:22.638999
2b53497b-cbc5-41f1-ac3a-ae5e38b2487c,,Giraffe Productions,,2021-09-02 20:08:22.638999
d0e9bcab-87c7-4f75-acb7-c34a322fa602,Publisher,"EMI Grove Park Music, Inc.",,2021-09-02 20:08:22.638999
1de9b980-3d8d-4c87-b7ba-e8b7247b5056,Publisher,EMI Waterford Music,,2021-09-02 20:08:22.638999
27da4e09-fd3d-4123-b239-c2391659db06,Publisher,Union Songs Music,,2021-09-02 20:08:22.638999
35b3347d-b527-4052-918e-362e229e9a01,Publisher,Miss Bessie Music,,2021-09-02 20:08:22.638999
24cf69ba-c8d0-4fad-8bfa-3a00ed005b35,Publisher,Darkdancer,,2021-09-02 20:08:22.638999
94e47b88-7593-43f7-96d9-5bc70e4a2ae8,,Malabar Recording Company,,2021-09-02 20:08:22.638999
33961798-7da2-4339-86cb-7bee7190faeb,Publisher,Copyright Control,,2021-09-02 20:08:22.638999
e5434b3d-bd5a-475f-bb35-90ab143d01db,Holding,Apple Video Programming LLC,,2021-09-02 20:08:22.638999
f3add1bd-ab05-42ad-9529-69d52f1d9db8,Production,2 Dimensions LCC,,2021-09-02 20:08:22.638999
f598ae1f-0354-4287-863a-32e463ddf5c3,Production,1500 or Nothin,,2021-09-02 20:08:22.638999
faf1bba9-7d3d-4745-a01c-5373c18e9e34,Production,"Hit Village Productions, Inc.",,2021-09-02 20:08:22.638999
078a107d-e69e-4eb4-9384-ec1ca459fe08,Production,Timbaland Productions,,2021-09-02 20:08:22.638999
77638747-93d9-4fb8-b448-de4b20bb6643,Production,Franklin Industries Inc.,,2021-09-02 20:08:22.638999
ca048189-b878-4736-bd31-fc326c73f56c,Imprint,Hits Since '87,,2021-09-02 20:08:22.638999
e6d58519-ab3b-4d68-b706-f590e08bef67,Production,Camp Star Productions,,2021-09-02 20:08:22.638999
bf0e0f2f-f129-4740-8d19-d0985cc19cdb,,Soul Convention Productions,,2021-09-02 20:08:22.638999
560571e7-63d4-4a3c-a293-2e838974b710,,"Summer of 85, Inc.",,2021-09-02 20:08:22.638999
d1b922be-6c6f-4fd5-95b7-e9def9d78781,,Def Mix Music,,2021-09-02 20:08:22.638999
bef48900-e72d-4f7d-b72e-ce59b7c08240,,YiPE!,,2021-09-02 20:08:22.638999
7fc2e3c7-ae4a-4b3a-9607-99169387695d,,Untouchables Entertainment,,2021-09-02 20:08:22.638999
4d1cfda5-7e8c-4d57-bc29-aa6b2e6729a7,Production,Darkchild.com,,2021-09-02 20:08:22.638999
13040400-bfa9-4122-94ae-d9a417888a51,Original Production,"Ruff Ryders Entertainment, Inc.",,2021-09-02 20:08:22.638999
b50816f3-e30f-47e2-bf40-21ecb0bde528,Production,The C-Factor,,2021-09-02 20:08:22.638999
f6d6be36-bd3e-4c1e-9912-1322a78e2e02,Original Production,Racket,,2021-09-02 20:08:22.638999
d3cf4c28-50d8-4478-b185-32d267c82f84,Publisher,Marillion Music,,2021-09-02 20:08:22.638999
983e8198-6c5a-4353-8ac1-3d41a9336481,Original Production,Intact Records,13355,2021-09-02 20:08:22.638999
0f639886-388d-4dfa-911c-f14454e92eeb,Publisher,Charisma Music Publishing Ltd,,2021-09-02 20:08:22.638999
84f9ff54-b001-4d10-98d4-bd24aff6c462,Holding,Nothing/Interscope Records,,2021-09-02 20:08:22.638999
9c3ec056-57dd-4987-bb53-cbea027ef81c,,Loma Vista Recordings,,2021-09-02 20:08:22.638999
ac122e34-2c3e-488a-9e14-f7c5a0182f18,Production,Temps d'Avance,,2021-09-02 20:08:22.638999
1b538d99-6afa-40c0-9cd6-90129dc7fa9a,Publisher,Topolino Bello,,2021-09-02 20:08:22.638999
1ead555f-78d5-4d8a-aab5-d69f4013a0ac,Original Production,Ipecac Recordings,,2021-09-02 20:08:22.638999
c92b6ecc-7b91-4bf8-a122-e19e41258e7e,,Circa Records Ltd.,,2021-09-02 20:08:22.638999
ac3c7b24-a566-4fd0-bd85-63148e82da2d,,SSO,,2021-09-02 20:08:22.638999
cc8675b3-23a0-47c0-9326-741d0bc65b65,Production,Polydor France,,2021-09-02 20:08:22.638999
c32471a6-c7c2-44bf-89a2-b3f38543eb9c,Original Production,Sentinel Ouest,,2021-09-02 20:08:22.638999
a3d460f9-d3bd-45df-94f4-0bdd251c8136,,BMG Arista Records Ltd.,,2021-09-02 20:08:22.638999
7be02e77-b024-4934-9948-e30cf50d2af8,Original Production,Low Spirit Recordings,4660,2021-09-02 20:08:22.638999
43b4737e-dee7-4717-a92a-09e90bb5e34b,Holding,Blackened Recordings Inc.,,2021-09-02 20:08:22.638999
1a392923-6f4a-4025-96f9-b9769b57ade4,Holding,Elektra/Asylum Records,,2021-09-02 20:08:22.638999
8eabbe7b-94c0-437a-9759-866ab6e39b9c,Publisher,Precious Metal Music,,2021-09-02 20:08:22.638999
70aac81c-4a9a-460f-a1bd-4d39626e1625,Original Production,Music for Nations,8541,2021-09-02 20:08:22.638999
620e0c3f-1af0-453e-a050-b42d5ee2c134,,Universal Music Classics & Jazz,,2021-09-02 20:08:22.638999
6265a3a2-81a0-4658-b69a-50f66b154952,Production,MJJ Productions Inc.,,2021-09-02 20:08:22.638999
1556baf1-a31f-4118-98b2-a237879b8507,,"ООО ""Ист-Профит""",,2021-09-02 20:08:22.638999
00e45b1d-3db8-4cd9-9fc1-e141d54a1f61,Original Production,MJJ Music,5257,2021-09-02 20:08:22.638999
deb34225-4569-44c5-a4de-4102bc91fcba,,PolyGram GmbH,,2021-09-02 20:08:22.638999
e6ddb6f2-a750-4f75-8624-a90c05c57018,,Mike Oldfield,,2021-09-02 20:08:22.638999
3cd6d044-989a-4f49-a0b1-61fb0c10a05b,Holding,"Smiley Miley, Inc.",,2021-09-02 20:08:22.638999
748171b2-5031-4358-84c1-00ea47baca2f,Holding,"Hollywood Records, Inc.",,2021-09-02 20:08:22.638999
c909a0b9-1b77-4e74-b7f2-d58ebc5dbd5b,Imprint,RCA Records Label,316,2021-09-02 20:08:22.638999
47799345-5636-4bfb-a1e6-5aa325a07571,,Antler-Subway Records NV,,2021-09-02 20:08:22.638999
c6f0c2d2-3f12-49a9-a11b-d2f2a8de0d92,Holding,"Macon Music, LLC",,2021-09-02 20:08:22.638999
da032f4b-5683-4f2a-b89c-e224c80d6eaf,Original Production,Little Idiot,,2021-09-02 20:08:22.638999
650c7693-deda-4229-bd06-829b315b5e51,,Rave New World,,2021-09-02 20:08:22.638999
d4576f35-f35e-477c-9194-b3f2b4489ebd,Holding,"Metro–Goldwyn–Mayer, Inc.",,2021-09-02 20:08:22.638999
302b48af-5f24-4dae-a3f4-eed87c81ed14,Holding,2DIY4 Music,,2021-09-02 20:08:22.638999
d49f88a2-1f3f-43db-aa39-964481de549e,Holding,Moby Entertainment Inc.,,2021-09-02 20:08:22.638999
97e08824-a090-45bf-bde0-44186daddfd8,Original Production,Mad Decent,,2021-09-02 20:08:22.638999
d8e91b47-9761-4788-a77f-dee20e9431d4,,Akropolis Musik & Film GmbH,6586,2021-09-02 20:08:22.638999
a78f6ef5-4c80-480f-959a-bb3b1149a0eb,,Hand in Hand for Children E.V.,,2021-09-02 20:08:22.638999
d1233880-17c2-41a8-91f5-764f37a37c63,Imprint,Warner Music Germany,4751,2021-09-02 20:08:22.638999
9cb71385-b33b-465b-bec6-72de85b6a7e1,Imprint,WEA Records,4281,2021-09-02 20:08:22.638999
6f808b0b-4564-4793-950b-f8c7a56f96b0,Holding,Sony Music Entertainment (Germany) GmbH & Co. KG,,2021-09-02 20:08:22.638999
f3cd1f5f-ea4f-486e-888f-1254af30def3,Original Production,Taste Media,,2021-09-02 20:08:22.638999
baa83e78-78ba-4872-b3fa-7708b76efa1a,,A&E Records Ltd.,,2021-09-02 20:08:22.638999
dfd9cdd8-2134-4daf-9d66-6ce9ee31532b,Holding,Mushroom Records International B.V.,,2021-09-02 20:08:22.638999
76f16ef0-902d-4401-8ab2-3d48595aa847,Holding,Torpack Limited,,2021-09-02 20:08:22.638999
36d4ac45-3b5b-4894-bcfc-25989a9b6006,Publisher,Warner/Chappell Music Ltd.,,2021-09-02 20:08:22.638999
4c13c7ca-33dc-467f-b859-828e122c3499,Imprint,X‐Ray Records,3612,2021-09-02 20:08:22.638999
97467ea4-6159-4fdd-8069-43a09cac09c9,Holding,"Enemy Records, LLC",,2021-09-02 20:08:22.638999
f8f24698-5300-4aba-92f6-325ffd580594,,Enemy Records,,2021-09-02 20:08:22.638999
c9df30c6-3a4f-49c1-ad50-53f6a67672da,Original Production,Universal Island Records,1846,2021-09-02 20:08:22.638999
c5933fbc-9676-4a33-abcc-739e793ae9a1,,Wild Pitch Records Ltd.,,2021-09-02 20:08:22.638999
d85f99b9-9ccd-4be8-90bd-1d895bfc0588,Production,"Works of Mart Productions, Inc.",,2021-09-02 20:08:22.638999
0c1fefc5-9c4c-4fd8-acf4-2506e63f69d4,,Ca$h Machine Records,,2021-09-02 20:08:22.638999
57e4cb28-965b-4fb2-a348-52a45aaa1e37,,"Concord Music Group, Inc.",,2021-09-02 20:08:22.638999
81f4e3cc-0dfd-47e9-8caa-2ae80e5cb496,Holding,Elektra Records,,2021-09-02 20:08:22.638999
182631fc-ad69-43c9-b986-5452c6a4f0dd,,"Tommy Boy Music, Inc.",,2021-09-02 20:08:22.638999
c9117237-b78b-4e47-b452-c9d94fb34916,Original Production,TVT Records,,2021-09-02 20:08:22.638999
2e68246a-b2a8-44f9-bce2-c08d51bc5dfe,Original Production,Shakey Pictures,,2021-09-02 20:08:22.638999
94b4d04a-5722-4954-9e0c-234af7b8b93b,Holding,The David Geffen Company,,2021-09-02 20:08:22.638999
b2f6d997-568f-4c68-bc0d-050c899308a0,Holding,MTV Networks,,2021-09-02 20:08:22.638999
711ab3d2-4fbd-4a6c-921a-ae9c2344ee91,Holding,Warner Music International Inc.,,2021-09-02 20:08:22.638999
133d3105-91e5-4665-8a46-7cce8c7b9e1b,,Fo’ Reel Entertainment,,2021-09-02 20:08:22.638999
58096d49-5076-41a5-8309-7e919738e2a6,Original Production,Dope House Records,,2021-09-02 20:08:22.638999
47d082e2-d74d-472c-a168-326e6ebde000,,Storm Circle Entertainment,,2021-09-02 20:08:22.638999
e74242e7-682e-4d9c-a2c4-b99ee0b1b475,Holding,Mosley Music Group LLC,,2021-09-02 20:08:22.638999
bcec798a-11b2-4f93-b8db-65b30cf193b4,,Danja Handz Productions,,2021-09-02 20:08:22.638999
952c5212-dc79-462e-af33-a7346edcf6be,,Pettaway Music,,2021-09-02 20:08:22.638999
403f1134-3e14-411b-8725-4b9f8f084204,,Sunset Entertainment,,2021-09-02 20:08:22.638999
686a41c5-5291-4527-ac67-00717d0ba743,,Surco Records J.V.,,2021-09-02 20:08:22.638999
5f64f373-fbeb-4bfc-943e-6773a45c9711,,NCS Entertainment,,2021-09-02 20:08:22.638999
f3cb98b4-7527-43fa-98aa-43d526aba46f,,New Order Ltd.,,2021-09-02 20:08:22.638999
a2faf590-58fc-4e9f-a85b-eaf6dc266317,Original Production,Factory,,2021-09-02 20:08:22.638999
7592133a-0386-43b1-9880-bc48ccbf06a4,,Factory Records,,2021-09-02 20:08:22.638999
3477a649-5906-47f1-ae21-ebcc72795669,Holding,"Nickelback II Productions, Inc.",,2021-09-02 20:08:22.638999
7069bfb1-f5fc-4ed3-ad61-7b64b58e8296,,The All Blacks B.V.,,2021-09-02 20:08:22.638999
8c914f28-8e55-459b-931d-dc84fa3d5d71,Publisher,Warner–Tamerlane Publishing Corp.,,2021-09-02 20:08:22.638999
94ded2f2-2024-467a-b2bf-87eee8c8e4e8,,Goldzweig Berlin,,2021-09-02 20:08:22.638999
38dc88de-7720-4100-9d5b-3cdc41b0c474,Original Production,Sub Pop Records,8323,2021-09-02 20:08:22.638999
81b3eb55-16cc-4773-91f3-d375ffab1fed,Holding,"Geffen Records, Inc.",,2021-09-02 20:08:22.638999
d3865f1e-ae0c-4a97-99b9-016966d49cb5,,Blue Note Records,,2021-09-02 20:08:22.638999
713c4a95-6616-442b-9cf6-14e1ddfd5946,Imprint,Blue Note,133,2021-09-02 20:08:22.638999
062c8a18-5712-42cf-a309-3215ba4dacc8,Holding,G.H. Estate Limited,,2021-09-02 20:08:22.638999
0b847327-d730-41dd-a278-586f7b0b1058,Imprint,"Big Brother Recordings, Ltd.",,2021-09-02 20:08:22.638999
da76fa58-d32f-4555-8380-4901a0782ef3,Publisher,Oasis Music,,2021-09-02 20:08:22.638999
99b364b4-8934-4eae-b0ff-555a5d950d7d,Publisher,Sony/ATV Music Publishing,,2021-09-02 20:08:22.638999
b94c4b47-af68-45fb-b324-71c8da793ae9,Publisher,Creation Songs Ltd,,2021-09-02 20:08:22.638999
f2dea378-10fd-48e2-a5fb-c7791bd36dd8,,Universal Music (UK) Ltd.,,2021-09-02 20:08:22.638999
67ca3fec-4642-424d-b9f5-25da51b1e9c3,Original Production,Mercury Music Group,268,2021-09-02 20:08:22.638999
a7026456-7f7f-49c8-83a5-a5fde9eac30b,Original Production,Blackground Records,,2021-09-02 20:08:22.638999
8b39e401-651e-4c3b-86a8-8713655d8969,Production,Matza Ball Productions Inc.,,2021-09-02 20:08:22.638999
e216bcac-41ac-4a9f-bc46-b79c2084435f,Production,Mosley Music Group,,2021-09-02 20:08:22.638999
4fe1da66-ecf9-469a-828c-ef6301d1bd5c,Original Production,LaFace Records,13517,2021-09-02 20:08:22.638999
109c9f35-2de6-4729-9ece-f361782818e4,,N.H.P. Sound,,2021-09-02 20:08:22.638999
8caa10d5-1961-4fb1-b56d-ff8bd4f7474d,,Zomba Recording Corporation,,2021-09-02 20:08:22.638999
0ea9323d-4891-4bd8-a0cb-ab73f1e0c746,,S.A.V.E. Ltd.,,2021-09-02 20:08:22.638999
c3f28f6a-ced7-496d-b5e7-8419902dac31,,"Ultra Records, LLC",,2021-09-02 20:08:22.638999
c83bb555-c941-4f59-9840-b0d520110982,Holding,Go! Discs Ltd.,,2021-09-02 20:08:22.638999
42c62a79-9a87-41dd-a563-c64e56d1bb0b,Holding,Universal Island Records Ltd.,,2021-09-02 20:08:22.638999
b5c42c0b-e2e3-42c5-922a-49d9bae2ce8d,,Solid Bond Productions Ltd.,,2021-09-02 20:08:22.638999
6284bf41-db0e-478f-83e8-e7230a5ec6e6,,Independiente Limited,,2021-09-02 20:08:22.638999
79de68f9-5777-44e1-9470-917a604c4ae9,,Ten Club,,2021-09-02 20:08:22.638999
66ce99b9-537c-4fbe-9d4d-c8fdeccd9679,Holding,"Monkeywrench, Inc.",,2021-09-02 20:08:22.638999
44a2ce56-48ca-4ac1-9c8e-7b7eb39a1255,Holding,Universal Music Enterprises,,2021-09-02 20:08:22.638999
5612c7dd-cfe7-4bef-b400-1b0acce24c21,Original Production,BBC Music,,2021-09-02 20:08:22.638999
24e2cbc8-c1c1-49ad-8ee0-72a89bbbcfb0,Holding,x2 Recordings Ltd.,,2021-09-02 20:08:22.638999
6b93aa1b-1c56-40da-aa5b-af0b4c7eb236,,x2 Recordings,,2021-09-02 20:08:22.638999
608d874c-7b2e-4e49-b387-1317444ef3a2,,PolyTel,,2021-09-02 20:08:22.638999
592c287f-868e-4eb4-a459-7b0cbda1fb6b,,Pet Shop Boys Partnership,,2021-09-02 20:08:22.638999
974ad77a-2ca8-450d-9762-a2a49e5c47e0,Production,Atoll Music,2063,2021-09-02 20:08:22.638999
443a07e2-39fb-44c3-b7ad-0f179d492c8c,,Greystoke Productions,,2021-09-02 20:08:22.638999
1108006e-374f-4004-9624-6d334881fa86,,Melodian Records,,2021-09-02 20:08:22.638999
3b9a30c3-c63f-4196-862e-11dee94f8371,,Roll Over Productions,,2021-09-02 20:08:22.638999
5ddc29b8-c884-4ac5-9c1b-27d62da73eb7,Publisher,Philip Collins Ltd.,,2021-09-02 20:08:22.638999
f16969ce-17b1-4a08-9795-b638d34b1074,,Rebel Rock Productions,,2021-09-02 20:08:22.638999
3b294a5c-98c7-439b-900e-8264f1da7a23,,Juston Records,,2021-09-02 20:08:22.638999
7eb0d88a-f38e-4808-ad81-a820893f8f45,,Play Two,,2021-09-02 20:08:22.638999
8b16b66c-18b7-4e61-956c-cbae64b41f3c,Production,Roton,,2021-09-02 20:08:22.638999
d127ed9b-466b-4901-8825-afd874c1e6fa,Imprint,Mr. 305,,2021-09-02 20:08:22.638999
1798f8c1-008a-4f9c-bce9-c42d5524a7c3,Original Production,disco:wax,,2021-09-02 20:08:22.638999
8d00a50a-f6a1-45fb-9e4e-903efbf75f84,Production,Amica Style,,2021-09-02 20:08:22.638999
58d3cf69-f578-4287-9923-4473b8fb8ab1,Production,Nappy Boy Productions,,2021-09-02 20:08:22.638999
f59a1c94-0544-413e-ac9d-0916bfe1bfc5,Production,Smartt Mixx,,2021-09-02 20:08:22.638999
a421aa39-9480-45fb-829f-473849930e61,Production,"Blackout Entertainment, Croatia",,2021-09-02 20:08:22.638999
206d174e-2d15-4553-8729-dcb1bf242112,Production,Mirimode Productions,,2021-09-02 20:08:22.638999
c8bd46c0-4a81-4d71-ae57-3f03ccb42c71,,DJ Productions,,2021-09-02 20:08:22.638999
3701d344-2207-4ea5-92fa-f29306c76e73,,BME Enterprises,,2021-09-02 20:08:22.638999
d4aa0a21-2f0c-4e08-8b73-895a843cd631,,Sony Music International,,2021-09-02 20:08:22.638999
0eb42ca1-729d-4f7f-9ff4-eb7f71edf73d,Publisher,Fix Your Face Music,,2021-09-02 20:08:22.638999
9da5c441-233b-4613-b56b-909f6ba14a58,Production,"Mr. 305, Inc.",,2021-09-02 20:08:22.638999
41c3d591-ee23-4f95-9e17-606fbebd0e8e,Production,Wayne Wilkins Music Group,,2021-09-02 20:08:22.638999
807688be-d16c-478a-9bcf-4c4616095079,,RedOne Productions,,2021-09-02 20:08:22.638999
be7f8635-ead3-4795-a8fe-b031006fccca,Production,C. Sparks Entertainment,,2021-09-02 20:08:22.638999
d460fd20-25ea-4342-8b8a-101b56205898,Production,Get Familiar Management,,2021-09-02 20:08:22.638999
76c9ffc7-26a3-467c-9200-13a160c4474c,,Hit Red Records,,2021-09-02 20:08:22.638999
bd7f70ff-6d45-45a5-83ab-3cee97c899c7,,BBC Worldwide Music Ltd.,,2021-09-02 20:08:22.638999
c9b091e5-abb7-4312-955e-cf886495221e,,Elevator Lady Ltd.,,2021-09-02 20:08:22.638999
0b844b9d-d4cf-464b-9585-e62fcaedaff6,Publisher,Imagem Music GmbH,,2021-09-02 20:08:22.638999
813885a7-22f0-4e09-aea5-3f81d1fc7c84,,"Blue Thumb Records, Inc.",,2021-09-02 20:08:22.638999
81197a5b-bef8-4f6a-97d5-62462872da4f,Original Production,Planet Records,,2021-09-02 20:08:22.638999
a6d76c88-ce7a-4b85-8e6d-829c28d532c2,,Planet Records Inc.,,2021-09-02 20:08:22.638999
3ef03bfc-9769-499c-a2cd-66a1563254d4,,EastWest Records GmbH,,2021-09-02 20:08:22.638999
14221f01-8939-4ea0-b8f1-b5a21beae80a,Original Production,XL Recordings,5667,2021-09-02 20:08:22.638999
614c71d9-c86f-40d4-9aec-44435ffbfdd8,,Getahead Records,,2021-09-02 20:08:22.638999
e122da82-32ef-425e-8d24-90b4f4d17226,Publisher,EMI/Virgin Music Publishing Ltd.,,2021-09-02 20:08:22.638999
5e522d87-0202-4183-aaef-f3c3a7ddc268,,"Suburban Funk, Inc.",,2021-09-02 20:08:22.638999
b32fa8a9-c7ae-4f8f-bf8f-2fdc39b0c2ae,,"Island Records, Inc.",,2021-09-02 20:08:22.638999
bb9492ea-5bc7-4d3b-a9a5-1f937060a24f,,Guerrilla Funk Recordings,,2021-09-02 20:08:22.638999
1c86eb7d-6b92-4f9d-aa6d-1d09ee431261,Imprint,SPITdigital Recordings,,2021-09-02 20:08:22.638999
da99f1fd-ee77-4e74-a581-970fda6d1e22,,The SpitSLAM Record Label Group,,2021-09-02 20:08:22.638999
cc92b855-5ed8-4004-90ae-922442716f7a,Production,Island Records Ltd.,,2021-09-02 20:08:22.638999
586f56a1-fd7b-4224-bce1-e9aa349e825c,Original Production,Yellow Productions,,2021-09-02 20:08:22.638999
41af94d5-8383-44c8-969d-cc923a6edeef,,140dB,,2021-09-02 20:08:22.638999
659008fb-d1e7-4eca-865c-0d0344a721ed,Original Production,Fire Records,,2021-09-02 20:08:22.638999
4a098d5d-0bfa-4c52-a459-889b9ccd6121,Holding,Raincloud Productions Ltd.,,2021-09-02 20:08:22.638999
7d170619-9fd6-4dff-a014-71aac5941d2c,Publisher,David R. Jones,,2021-09-02 20:08:22.638999
63a4d336-5c4d-4b64-8178-63d3dfe2d373,,Mainman S.A.,,2021-09-02 20:08:22.638999
e306746c-eb07-4fb5-9556-7937f12f562f,Holding,Queen Theatrical Productions Ltd.,,2021-09-02 20:08:22.638999
dee1c849-f1d4-4d3c-881e-a0686721f289,Original Production,BBC Enterprises Ltd.,,2021-09-02 20:08:22.638999
3021b68c-0ab5-4a65-b54b-b80ea0cf3a7a,Holding,Trident Audio Productions Ltd.,,2021-09-02 20:08:22.638999
b34b0e1d-c560-4773-8e4a-e86c2ab7f9d2,,Starling Productions Ltd.,,2021-09-02 20:08:22.638999
17820072-8509-47f7-b411-9022c291308c,Publisher,Startling Music Ltd.,,2021-09-02 20:08:22.638999
a6cbb3d7-6fea-4257-aa79-e1e6bf810da3,Original Production,WaterTower Music,,2021-09-02 20:08:22.638999
2bbd8416-1892-4186-88ce-e91fcd6e9107,,Biffco Productions,,2021-09-02 20:08:22.638999
0a815e3e-c710-4d60-a1af-4935b72ffb52,Publisher,Queen Music Ltd.,,2021-09-02 20:08:22.638999
229bd4be-8cd7-442c-85b0-5007ea353abc,Original Production,Matador,11552,2021-09-02 20:08:22.638999
e992b53e-d204-47e5-9d16-08f8efcbd0a4,Original Production,Ticker Tape Ltd,,2021-09-02 20:08:22.638999
3f172bba-13bd-4b32-81b4-003c4fb15535,Holding,"LLLP, LLP",,2021-09-02 20:08:22.638999
eb088b93-d48d-4962-ac0e-fa3ea29a9f83,,Universal Marketing Group GmbH,,2021-09-02 20:08:22.638999
871f74c4-e2b8-4fe1-b2e1-9df6404afb17,,Infernal Entertainment Productions,,2021-09-02 20:08:22.638999
4087ce91-0e82-48d9-90dc-bbe5f461f872,,"Ray Charles Enterprises, Inc.",,2021-09-02 20:08:22.638999
50c60cf9-cecb-4e30-a6e0-e8b64434627b,Distributor,Warner Music France,,2021-09-02 20:08:22.638999
8d3f3be1-d9e3-4a91-a431-cd5f784d010f,,Righteous Phonographic Association,,2021-09-02 20:08:22.638999
d0e93dce-281a-44fa-9282-eb4b0c66180f,Holding,Universal Music Limited,,2021-09-02 20:08:22.638999
bd445c97-4f93-4ed0-8fb2-5e08cc8d6d73,Publisher,Chase & Status,,2021-09-02 20:08:22.638999
3a600e61-7d34-45c2-85ec-2aacc1781c38,,DaMystro Music,,2021-09-02 20:08:22.638999
903bb360-6ba1-424a-a0e9-1ccbeb6c20f4,Production,Rich Daily Since ’71,,2021-09-02 20:08:22.638999
756d5b30-01b4-44ee-9565-d340e696ee38,,Radiokillarecords.com Since 1977,,2021-09-02 20:08:22.638999
d4d7b71a-37bb-4ce0-84d5-1da5628ff074,Production,The Nash Estate,,2021-09-02 20:08:22.638999
9f2a7419-a109-4df6-aa93-f8a9c33ee3cb,,Deauxpe Music,,2021-09-02 20:08:22.638999
ae67b9c5-0f5f-4f0c-a806-102f487c1289,Production,Ighile Music Group,,2021-09-02 20:08:22.638999
0e17a8fb-94c8-49d2-92bd-3496a14cd127,Publisher,Regime Music Societe,,2021-09-02 20:08:22.638999
d7dd10c0-9390-4cc9-b64f-4f402d84d499,Imprint,3 Beat Productions,,2021-09-02 20:08:22.638999
73ac7faa-e551-4a7d-9b01-27e55c650e74,,Asylum Records UK,,2021-09-02 20:08:22.638999
9e4d8965-4fa4-4ce9-a48a-6db90769aa05,Imprint,Universal Studios,,2021-09-02 20:08:22.638999
39202303-103a-4d3b-9848-caabb36b65c7,Holding,Avicii Music AB,,2021-09-02 20:08:22.638999
5ed4d679-f8f5-42cd-b34b-46439f60833a,Holding,Musical Freedom Label Ltd.,,2021-09-02 20:08:22.638999
a8bea33e-67af-424a-a734-898e2dc437ed,Original Production,Asylum Records,2648,2021-09-02 20:08:22.638999
18deb348-6403-4f80-ae4b-8ddff7b826d2,,Robert Williams,,2021-09-02 20:08:22.638999
d963c7e7-df29-49b9-af96-9f36b723d451,,The In Good Company Co. Ltd.,,2021-09-02 20:08:22.638999
ebee94c3-59bf-4478-a186-d8175c7eaa05,,Deconstruction Ltd.,,2021-09-02 20:08:22.638999
2f608227-7aa1-4af6-b46d-2d1b0761e82e,,Motor Music GmbH,2182,2021-09-02 20:08:22.638999
889aaad4-313d-488c-a7af-ec67eba6c99e,,Sarm Productions,,2021-09-02 20:08:22.638999
